Fecha,Hora,Zona de Carga,Precio Zonal ($/MWh),Componente energia ($/MWh),Componente perdidas ($/MWh),Extra1,Extra2,Extra3
2026-04-16,1,ENSENADA,105.29,101.33,3.96,0.0,0.0,1.0
2026-04-16,2,ENSENADA,104.09,100.15,3.94,0.0,0.0,1.0
2026-04-16,3,ENSENADA,94.03,90.32,3.71,0.0,0.0,1.0
2026-04-16,4,ENSENADA,94.16,90.38,3.78,0.0,0.0,1.0
2026-04-16,5,ENSENADA,94.37,90.49,3.88,0.0,0.0,1.0
2026-04-16,6,ENSENADA,95.24,90.98,4.26,0.0,0.0,1.0
2026-04-16,7,ENSENADA,96.04,91.55,4.5,0.0,0.0,1.0
2026-04-16,8,ENSENADA,96.7,91.91,4.79,0.0,0.0,1.0
2026-04-16,9,ENSENADA,96.48,91.89,4.59,0.0,0.0,1.0
2026-04-16,10,ENSENADA,96.37,91.79,4.58,0.0,0.0,1.0
2026-04-16,11,ENSENADA,96.55,91.5,5.05,0.0,0.0,1.0
2026-04-16,12,ENSENADA,97.35,91.86,5.5,0.0,0.0,1.0
2026-04-16,13,ENSENADA,259.85,245.06,14.79,0.0,0.0,1.0
2026-04-16,14,ENSENADA,332.96,314.41,18.55,0.0,0.0,1.0
2026-04-16,15,ENSENADA,668.78,632.35,36.43,0.0,0.0,1.0
2026-04-16,16,ENSENADA,671.05,638.15,32.9,0.0,0.0,1.0
2026-04-16,17,ENSENADA,658.5,626.14,32.36,0.0,0.0,1.0
2026-04-16,18,ENSENADA,658.06,625.85,32.21,0.0,0.0,1.0
2026-04-16,19,ENSENADA,457.94,435.92,22.02,0.0,0.0,1.0
2026-04-16,20,ENSENADA,432.93,411.76,21.17,0.0,0.0,1.0
2026-04-16,21,ENSENADA,742.35,705.88,36.47,0.0,0.0,1.0
2026-04-16,22,ENSENADA,722.72,689.18,33.54,0.0,0.0,1.0
2026-04-16,23,ENSENADA,202.53,193.89,8.64,0.0,0.0,1.0
2026-04-16,24,ENSENADA,182.59,175.34,7.25,0.0,0.0,1.0
2026-04-16,1,MEXICALI,99.83,101.33,-1.5,0.0,0.0,1.0
2026-04-16,2,MEXICALI,99.23,100.15,-0.93,0.0,0.0,1.0
2026-04-16,3,MEXICALI,89.22,90.32,-1.1,0.0,0.0,1.0
2026-04-16,4,MEXICALI,89.15,90.38,-1.22,0.0,0.0,1.0
2026-04-16,5,MEXICALI,89.15,90.49,-1.33,0.0,0.0,1.0
2026-04-16,6,MEXICALI,89.22,90.98,-1.76,0.0,0.0,1.0
2026-04-16,7,MEXICALI,89.24,91.55,-2.31,0.0,0.0,1.0
2026-04-16,8,MEXICALI,89.08,91.91,-2.83,0.0,0.0,1.0
2026-04-16,9,MEXICALI,88.92,91.89,-2.97,0.0,0.0,1.0
2026-04-16,10,MEXICALI,88.74,91.79,-3.04,0.0,0.0,1.0
2026-04-16,11,MEXICALI,88.67,91.5,-2.83,0.0,0.0,1.0
2026-04-16,12,MEXICALI,89.04,91.86,-2.81,0.0,0.0,1.0
2026-04-16,13,MEXICALI,243.36,245.06,-1.7,0.0,0.0,1.0
2026-04-16,14,MEXICALI,312.97,314.41,-1.44,0.0,0.0,1.0
2026-04-16,15,MEXICALI,638.78,632.35,6.43,0.0,0.0,1.0
2026-04-16,16,MEXICALI,644.55,638.15,6.4,0.0,0.0,1.0
2026-04-16,17,MEXICALI,638.92,626.14,12.78,0.0,0.0,1.0
2026-04-16,18,MEXICALI,638.44,625.85,12.59,0.0,0.0,1.0
2026-04-16,19,MEXICALI,443.09,435.92,7.17,0.0,0.0,1.0
2026-04-16,20,MEXICALI,417.0,411.76,5.25,0.0,0.0,1.0
2026-04-16,21,MEXICALI,711.4,705.88,5.52,0.0,0.0,1.0
2026-04-16,22,MEXICALI,699.5,689.18,10.32,0.0,0.0,1.0
2026-04-16,23,MEXICALI,193.77,193.89,-0.12,0.0,0.0,1.0
2026-04-16,24,MEXICALI,174.53,175.34,-0.8,0.0,0.0,1.0
2026-04-16,1,SANLUIS,100.32,101.33,-1.01,0.0,0.0,1.0
2026-04-16,2,SANLUIS,99.64,100.15,-0.51,0.0,0.0,1.0
2026-04-16,3,SANLUIS,89.54,90.32,-0.77,0.0,0.0,1.0
2026-04-16,4,SANLUIS,89.46,90.38,-0.92,0.0,0.0,1.0
2026-04-16,5,SANLUIS,89.45,90.49,-1.04,0.0,0.0,1.0
2026-04-16,6,SANLUIS,89.51,90.98,-1.48,0.0,0.0,1.0
2026-04-16,7,SANLUIS,89.49,91.55,-2.06,0.0,0.0,1.0
2026-04-16,8,SANLUIS,89.26,91.91,-2.65,0.0,0.0,1.0
2026-04-16,9,SANLUIS,89.08,91.89,-2.81,0.0,0.0,1.0
2026-04-16,10,SANLUIS,88.94,91.79,-2.84,0.0,0.0,1.0
2026-04-16,11,SANLUIS,88.94,91.5,-2.56,0.0,0.0,1.0
2026-04-16,12,SANLUIS,89.43,91.86,-2.43,0.0,0.0,1.0
2026-04-16,13,SANLUIS,244.69,245.06,-0.37,0.0,0.0,1.0
2026-04-16,14,SANLUIS,315.03,314.41,0.62,0.0,0.0,1.0
2026-04-16,15,SANLUIS,643.53,632.35,11.18,0.0,0.0,1.0
2026-04-16,16,SANLUIS,649.82,638.15,11.67,0.0,0.0,1.0
2026-04-16,17,SANLUIS,644.28,626.14,18.14,0.0,0.0,1.0
2026-04-16,18,SANLUIS,643.82,625.85,17.97,0.0,0.0,1.0
2026-04-16,19,SANLUIS,446.65,435.92,10.73,0.0,0.0,1.0
2026-04-16,20,SANLUIS,420.27,411.76,8.51,0.0,0.0,1.0
2026-04-16,21,SANLUIS,716.99,705.88,11.11,0.0,0.0,1.0
2026-04-16,22,SANLUIS,705.13,689.18,15.95,0.0,0.0,1.0
2026-04-16,23,SANLUIS,195.11,193.89,1.22,0.0,0.0,1.0
2026-04-16,24,SANLUIS,175.56,175.34,0.22,0.0,0.0,1.0
2026-04-16,1,TIJUANA,102.72,101.33,1.38,0.0,0.0,1.0
2026-04-16,2,TIJUANA,101.47,100.15,1.32,0.0,0.0,1.0
2026-04-16,3,TIJUANA,91.47,90.32,1.15,0.0,0.0,1.0
2026-04-16,4,TIJUANA,91.51,90.38,1.13,0.0,0.0,1.0
2026-04-16,5,TIJUANA,91.62,90.49,1.13,0.0,0.0,1.0
2026-04-16,6,TIJUANA,92.14,90.98,1.16,0.0,0.0,1.0
2026-04-16,7,TIJUANA,92.78,91.55,1.23,0.0,0.0,1.0
2026-04-16,8,TIJUANA,93.23,91.91,1.32,0.0,0.0,1.0
2026-04-16,9,TIJUANA,93.26,91.89,1.37,0.0,0.0,1.0
2026-04-16,10,TIJUANA,93.18,91.79,1.39,0.0,0.0,1.0
2026-04-16,11,TIJUANA,92.91,91.5,1.41,0.0,0.0,1.0
2026-04-16,12,TIJUANA,93.29,91.86,1.43,0.0,0.0,1.0
2026-04-16,13,TIJUANA,249.43,245.06,4.37,0.0,0.0,1.0
2026-04-16,14,TIJUANA,320.26,314.41,5.85,0.0,0.0,1.0
2026-04-16,15,TIJUANA,644.82,632.35,12.47,0.0,0.0,1.0
2026-04-16,16,TIJUANA,650.58,638.15,12.43,0.0,0.0,1.0
2026-04-16,17,TIJUANA,638.5,626.14,12.36,0.0,0.0,1.0
2026-04-16,18,TIJUANA,637.91,625.85,12.06,0.0,0.0,1.0
2026-04-16,19,TIJUANA,444.21,435.92,8.29,0.0,0.0,1.0
2026-04-16,20,TIJUANA,419.66,411.76,7.91,0.0,0.0,1.0
2026-04-16,21,TIJUANA,719.45,705.88,13.57,0.0,0.0,1.0
2026-04-16,22,TIJUANA,702.2,689.18,13.02,0.0,0.0,1.0
2026-04-16,23,TIJUANA,197.07,193.89,3.18,0.0,0.0,1.0
2026-04-16,24,TIJUANA,177.89,175.34,2.56,0.0,0.0,1.0
2026-04-17,1,ENSENADA,104.65,100.68,3.97,0.0,0.0,1.0
2026-04-17,2,ENSENADA,92.31,88.97,3.34,0.0,0.0,1.0
2026-04-17,3,ENSENADA,91.92,88.62,3.31,0.0,0.0,1.0
2026-04-17,4,ENSENADA,91.78,88.45,3.33,0.0,0.0,1.0
2026-04-17,5,ENSENADA,91.7,88.45,3.25,0.0,0.0,1.0
2026-04-17,6,ENSENADA,92.23,88.87,3.36,0.0,0.0,1.0
2026-04-17,7,ENSENADA,92.95,89.41,3.53,0.0,0.0,1.0
2026-04-17,8,ENSENADA,94.76,90.54,4.23,0.0,0.0,1.0
2026-04-17,9,ENSENADA,95.73,90.45,5.29,0.0,0.0,1.0
2026-04-17,10,ENSENADA,95.81,90.18,5.64,0.0,0.0,1.0
2026-04-17,11,ENSENADA,94.26,88.81,5.46,0.0,0.0,1.0
2026-04-17,12,ENSENADA,93.76,88.66,5.11,0.0,0.0,1.0
2026-04-17,13,ENSENADA,94.71,89.38,5.32,0.0,0.0,1.0
2026-04-17,14,ENSENADA,105.11,98.83,6.28,0.0,0.0,1.0
2026-04-17,15,ENSENADA,105.49,99.14,6.35,0.0,0.0,1.0
2026-04-17,16,ENSENADA,95.46,89.77,5.7,0.0,0.0,1.0
2026-04-17,17,ENSENADA,105.13,99.2,5.94,0.0,0.0,1.0
2026-04-17,18,ENSENADA,205.95,193.8,12.15,0.0,0.0,1.0
2026-04-17,19,ENSENADA,369.61,347.98,21.63,0.0,0.0,1.0
2026-04-17,20,ENSENADA,225.91,212.66,13.25,0.0,0.0,1.0
2026-04-17,21,ENSENADA,254.1,239.39,14.71,0.0,0.0,1.0
2026-04-17,22,ENSENADA,200.46,189.12,11.34,0.0,0.0,1.0
2026-04-17,23,ENSENADA,209.96,198.38,11.58,0.0,0.0,1.0
2026-04-17,24,ENSENADA,384.82,364.83,19.98,0.0,0.0,1.0
2026-04-17,1,MEXICALI,100.37,100.68,-0.31,0.0,0.0,1.0
2026-04-17,2,MEXICALI,89.23,88.97,0.26,0.0,0.0,1.0
2026-04-17,3,MEXICALI,89.02,88.62,0.4,0.0,0.0,1.0
2026-04-17,4,MEXICALI,88.83,88.45,0.38,0.0,0.0,1.0
2026-04-17,5,MEXICALI,88.78,88.45,0.32,0.0,0.0,1.0
2026-04-17,6,MEXICALI,88.88,88.87,0.0,0.0,0.0,1.0
2026-04-17,7,MEXICALI,89.02,89.41,-0.39,0.0,0.0,1.0
2026-04-17,8,MEXICALI,88.95,90.54,-1.59,0.0,0.0,1.0
2026-04-17,9,MEXICALI,88.77,90.45,-1.68,0.0,0.0,1.0
2026-04-17,10,MEXICALI,88.79,90.18,-1.39,0.0,0.0,1.0
2026-04-17,11,MEXICALI,88.75,88.81,-0.06,0.0,0.0,1.0
2026-04-17,12,MEXICALI,88.91,88.66,0.25,0.0,0.0,1.0
2026-04-17,13,MEXICALI,89.18,89.38,-0.2,0.0,0.0,1.0
2026-04-17,14,MEXICALI,98.5,98.83,-0.33,0.0,0.0,1.0
2026-04-17,15,MEXICALI,98.31,99.14,-0.84,0.0,0.0,1.0
2026-04-17,16,MEXICALI,89.18,89.77,-0.58,0.0,0.0,1.0
2026-04-17,17,MEXICALI,98.58,99.2,-0.61,0.0,0.0,1.0
2026-04-17,18,MEXICALI,193.82,193.8,0.02,0.0,0.0,1.0
2026-04-17,19,MEXICALI,356.94,347.98,8.97,0.0,0.0,1.0
2026-04-17,20,MEXICALI,214.34,212.66,1.68,0.0,0.0,1.0
2026-04-17,21,MEXICALI,241.53,239.39,2.14,0.0,0.0,1.0
2026-04-17,22,MEXICALI,188.21,189.12,-0.91,0.0,0.0,1.0
2026-04-17,23,MEXICALI,199.4,198.38,1.02,0.0,0.0,1.0
2026-04-17,24,MEXICALI,379.61,364.83,14.78,0.0,0.0,1.0
2026-04-17,1,SANLUIS,100.86,100.68,0.18,0.0,0.0,1.0
2026-04-17,2,SANLUIS,89.63,88.97,0.66,0.0,0.0,1.0
2026-04-17,3,SANLUIS,89.37,88.62,0.75,0.0,0.0,1.0
2026-04-17,4,SANLUIS,89.12,88.45,0.67,0.0,0.0,1.0
2026-04-17,5,SANLUIS,89.02,88.45,0.57,0.0,0.0,1.0
2026-04-17,6,SANLUIS,89.14,88.87,0.27,0.0,0.0,1.0
2026-04-17,7,SANLUIS,89.27,89.41,-0.15,0.0,0.0,1.0
2026-04-17,8,SANLUIS,89.16,90.54,-1.38,0.0,0.0,1.0
2026-04-17,9,SANLUIS,89.0,90.45,-1.45,0.0,0.0,1.0
2026-04-17,10,SANLUIS,89.04,90.18,-1.14,0.0,0.0,1.0
2026-04-17,11,SANLUIS,89.12,88.81,0.32,0.0,0.0,1.0
2026-04-17,12,SANLUIS,89.32,88.66,0.67,0.0,0.0,1.0
2026-04-17,13,SANLUIS,89.64,89.38,0.26,0.0,0.0,1.0
2026-04-17,14,SANLUIS,99.05,98.83,0.22,0.0,0.0,1.0
2026-04-17,15,SANLUIS,98.91,99.14,-0.24,0.0,0.0,1.0
2026-04-17,16,SANLUIS,89.77,89.77,0.01,0.0,0.0,1.0
2026-04-17,17,SANLUIS,99.15,99.2,-0.04,0.0,0.0,1.0
2026-04-17,18,SANLUIS,195.42,193.8,1.62,0.0,0.0,1.0
2026-04-17,19,SANLUIS,360.16,347.98,12.18,0.0,0.0,1.0
2026-04-17,20,SANLUIS,216.12,212.66,3.46,0.0,0.0,1.0
2026-04-17,21,SANLUIS,243.58,239.39,4.19,0.0,0.0,1.0
2026-04-17,22,SANLUIS,189.65,189.12,0.53,0.0,0.0,1.0
2026-04-17,23,SANLUIS,200.67,198.38,2.29,0.0,0.0,1.0
2026-04-17,24,SANLUIS,382.4,364.83,17.57,0.0,0.0,1.0
2026-04-17,1,TIJUANA,102.04,100.68,1.36,0.0,0.0,1.0
2026-04-17,2,TIJUANA,90.13,88.97,1.16,0.0,0.0,1.0
2026-04-17,3,TIJUANA,89.76,88.62,1.14,0.0,0.0,1.0
2026-04-17,4,TIJUANA,89.58,88.45,1.13,0.0,0.0,1.0
2026-04-17,5,TIJUANA,89.59,88.45,1.14,0.0,0.0,1.0
2026-04-17,6,TIJUANA,90.04,88.87,1.16,0.0,0.0,1.0
2026-04-17,7,TIJUANA,90.64,89.41,1.23,0.0,0.0,1.0
2026-04-17,8,TIJUANA,91.83,90.54,1.3,0.0,0.0,1.0
2026-04-17,9,TIJUANA,91.77,90.45,1.32,0.0,0.0,1.0
2026-04-17,10,TIJUANA,91.53,90.18,1.35,0.0,0.0,1.0
2026-04-17,11,TIJUANA,90.21,88.81,1.4,0.0,0.0,1.0
2026-04-17,12,TIJUANA,90.09,88.66,1.44,0.0,0.0,1.0
2026-04-17,13,TIJUANA,90.86,89.38,1.48,0.0,0.0,1.0
2026-04-17,14,TIJUANA,100.47,98.83,1.64,0.0,0.0,1.0
2026-04-17,15,TIJUANA,100.77,99.14,1.62,0.0,0.0,1.0
2026-04-17,16,TIJUANA,91.25,89.77,1.48,0.0,0.0,1.0
2026-04-17,17,TIJUANA,100.82,99.2,1.62,0.0,0.0,1.0
2026-04-17,18,TIJUANA,197.04,193.8,3.24,0.0,0.0,1.0
2026-04-17,19,TIJUANA,354.4,347.98,6.42,0.0,0.0,1.0
2026-04-17,20,TIJUANA,216.41,212.66,3.75,0.0,0.0,1.0
2026-04-17,21,TIJUANA,243.72,239.39,4.33,0.0,0.0,1.0
2026-04-17,22,TIJUANA,192.25,189.12,3.12,0.0,0.0,1.0
2026-04-17,23,TIJUANA,201.55,198.38,3.17,0.0,0.0,1.0
2026-04-17,24,TIJUANA,370.99,364.83,6.16,0.0,0.0,1.0
2026-04-18,1,ENSENADA,431.46,409.89,21.57,0.0,0.0,1.0
2026-04-18,2,ENSENADA,373.57,355.61,17.96,0.0,0.0,1.0
2026-04-18,3,ENSENADA,262.89,250.42,12.47,0.0,0.0,1.0
2026-04-18,4,ENSENADA,229.17,218.3,10.88,0.0,0.0,1.0
2026-04-18,5,ENSENADA,228.31,217.48,10.84,0.0,0.0,1.0
2026-04-18,6,ENSENADA,223.3,212.52,10.77,0.0,0.0,1.0
2026-04-18,7,ENSENADA,277.03,263.6,13.44,0.0,0.0,1.0
2026-04-18,8,ENSENADA,267.36,252.85,14.51,0.0,0.0,1.0
2026-04-18,9,ENSENADA,103.82,97.75,6.07,0.0,0.0,1.0
2026-04-18,10,ENSENADA,104.93,98.56,6.37,0.0,0.0,1.0
2026-04-18,11,ENSENADA,197.21,185.06,12.15,0.0,0.0,1.0
2026-04-18,12,ENSENADA,93.45,87.67,5.78,0.0,0.0,1.0
2026-04-18,13,ENSENADA,93.58,87.71,5.88,0.0,0.0,1.0
2026-04-18,14,ENSENADA,103.39,96.72,6.67,0.0,0.0,1.0
2026-04-18,15,ENSENADA,105.08,98.22,6.86,0.0,0.0,1.0
2026-04-18,16,ENSENADA,105.73,98.93,6.8,0.0,0.0,1.0
2026-04-18,17,ENSENADA,106.88,100.06,6.83,0.0,0.0,1.0
2026-04-18,18,ENSENADA,207.03,193.71,13.32,0.0,0.0,1.0
2026-04-18,19,ENSENADA,386.29,362.51,23.78,0.0,0.0,1.0
2026-04-18,20,ENSENADA,389.23,367.49,21.74,0.0,0.0,1.0
2026-04-18,21,ENSENADA,753.37,711.18,42.19,0.0,0.0,1.0
2026-04-18,22,ENSENADA,382.74,363.06,19.68,0.0,0.0,1.0
2026-04-18,23,ENSENADA,270.77,257.77,13.0,0.0,0.0,1.0
2026-04-18,24,ENSENADA,207.26,197.66,9.59,0.0,0.0,1.0
2026-04-18,1,MEXICALI,427.22,409.89,17.32,0.0,0.0,1.0
2026-04-18,2,MEXICALI,370.72,355.61,15.11,0.0,0.0,1.0
2026-04-18,3,MEXICALI,259.48,250.42,9.06,0.0,0.0,1.0
2026-04-18,4,MEXICALI,225.88,218.3,7.58,0.0,0.0,1.0
2026-04-18,5,MEXICALI,224.59,217.48,7.12,0.0,0.0,1.0
2026-04-18,6,MEXICALI,219.04,212.52,6.52,0.0,0.0,1.0
2026-04-18,7,MEXICALI,270.84,263.6,7.25,0.0,0.0,1.0
2026-04-18,8,MEXICALI,256.71,252.85,3.86,0.0,0.0,1.0
2026-04-18,9,MEXICALI,98.74,97.75,0.99,0.0,0.0,1.0
2026-04-18,10,MEXICALI,99.62,98.56,1.06,0.0,0.0,1.0
2026-04-18,11,MEXICALI,186.91,185.06,1.86,0.0,0.0,1.0
2026-04-18,12,MEXICALI,89.51,87.67,1.84,0.0,0.0,1.0
2026-04-18,13,MEXICALI,89.56,87.71,1.86,0.0,0.0,1.0
2026-04-18,14,MEXICALI,98.87,96.72,2.16,0.0,0.0,1.0
2026-04-18,15,MEXICALI,100.52,98.22,2.3,0.0,0.0,1.0
2026-04-18,16,MEXICALI,100.69,98.93,1.77,0.0,0.0,1.0
2026-04-18,17,MEXICALI,100.92,100.06,0.87,0.0,0.0,1.0
2026-04-18,18,MEXICALI,194.56,193.71,0.85,0.0,0.0,1.0
2026-04-18,19,MEXICALI,370.64,362.51,8.13,0.0,0.0,1.0
2026-04-18,20,MEXICALI,376.5,367.49,9.01,0.0,0.0,1.0
2026-04-18,21,MEXICALI,720.52,711.18,9.34,0.0,0.0,1.0
2026-04-18,22,MEXICALI,371.34,363.06,8.29,0.0,0.0,1.0
2026-04-18,23,MEXICALI,264.18,257.77,6.41,0.0,0.0,1.0
2026-04-18,24,MEXICALI,201.28,197.66,3.61,0.0,0.0,1.0
2026-04-18,1,SANLUIS,430.19,409.89,20.3,0.0,0.0,1.0
2026-04-18,2,SANLUIS,373.09,355.61,17.48,0.0,0.0,1.0
2026-04-18,3,SANLUIS,260.98,250.42,10.56,0.0,0.0,1.0
2026-04-18,4,SANLUIS,227.13,218.3,8.83,0.0,0.0,1.0
2026-04-18,5,SANLUIS,225.78,217.48,8.3,0.0,0.0,1.0
2026-04-18,6,SANLUIS,220.18,212.52,7.66,0.0,0.0,1.0
2026-04-18,7,SANLUIS,272.22,263.6,8.62,0.0,0.0,1.0
2026-04-18,8,SANLUIS,258.03,252.85,5.19,0.0,0.0,1.0
2026-04-18,9,SANLUIS,99.46,97.75,1.72,0.0,0.0,1.0
2026-04-18,10,SANLUIS,100.42,98.56,1.86,0.0,0.0,1.0
2026-04-18,11,SANLUIS,188.56,185.06,3.5,0.0,0.0,1.0
2026-04-18,12,SANLUIS,90.37,87.67,2.7,0.0,0.0,1.0
2026-04-18,13,SANLUIS,90.5,87.71,2.79,0.0,0.0,1.0
2026-04-18,14,SANLUIS,99.93,96.72,3.21,0.0,0.0,1.0
2026-04-18,15,SANLUIS,101.68,98.22,3.45,0.0,0.0,1.0
2026-04-18,16,SANLUIS,101.93,98.93,3.0,0.0,0.0,1.0
2026-04-18,17,SANLUIS,102.21,100.06,2.16,0.0,0.0,1.0
2026-04-18,18,SANLUIS,197.1,193.71,3.39,0.0,0.0,1.0
2026-04-18,19,SANLUIS,375.36,362.51,12.85,0.0,0.0,1.0
2026-04-18,20,SANLUIS,380.15,367.49,12.66,0.0,0.0,1.0
2026-04-18,21,SANLUIS,727.53,711.18,16.35,0.0,0.0,1.0
2026-04-18,22,SANLUIS,374.85,363.06,11.79,0.0,0.0,1.0
2026-04-18,23,SANLUIS,266.51,257.77,8.74,0.0,0.0,1.0
2026-04-18,24,SANLUIS,202.91,197.66,5.24,0.0,0.0,1.0
2026-04-18,1,TIJUANA,416.52,409.89,6.62,0.0,0.0,1.0
2026-04-18,2,TIJUANA,361.07,355.61,5.46,0.0,0.0,1.0
2026-04-18,3,TIJUANA,254.01,250.42,3.59,0.0,0.0,1.0
2026-04-18,4,TIJUANA,221.33,218.3,3.04,0.0,0.0,1.0
2026-04-18,5,TIJUANA,220.47,217.48,2.99,0.0,0.0,1.0
2026-04-18,6,TIJUANA,215.43,212.52,2.91,0.0,0.0,1.0
2026-04-18,7,TIJUANA,267.19,263.6,3.59,0.0,0.0,1.0
2026-04-18,8,TIJUANA,256.29,252.85,3.44,0.0,0.0,1.0
2026-04-18,9,TIJUANA,99.05,97.75,1.31,0.0,0.0,1.0
2026-04-18,10,TIJUANA,99.92,98.56,1.36,0.0,0.0,1.0
2026-04-18,11,TIJUANA,187.72,185.06,2.66,0.0,0.0,1.0
2026-04-18,12,TIJUANA,88.99,87.67,1.32,0.0,0.0,1.0
2026-04-18,13,TIJUANA,89.04,87.71,1.33,0.0,0.0,1.0
2026-04-18,14,TIJUANA,98.2,96.72,1.48,0.0,0.0,1.0
2026-04-18,15,TIJUANA,99.75,98.22,1.52,0.0,0.0,1.0
2026-04-18,16,TIJUANA,100.44,98.93,1.51,0.0,0.0,1.0
2026-04-18,17,TIJUANA,101.58,100.06,1.52,0.0,0.0,1.0
2026-04-18,18,TIJUANA,196.72,193.71,3.01,0.0,0.0,1.0
2026-04-18,19,TIJUANA,368.69,362.51,6.18,0.0,0.0,1.0
2026-04-18,20,TIJUANA,373.93,367.49,6.44,0.0,0.0,1.0
2026-04-18,21,TIJUANA,723.3,711.18,12.13,0.0,0.0,1.0
2026-04-18,22,TIJUANA,369.31,363.06,6.26,0.0,0.0,1.0
2026-04-18,23,TIJUANA,261.96,257.77,4.19,0.0,0.0,1.0
2026-04-18,24,TIJUANA,200.57,197.66,2.91,0.0,0.0,1.0
2026-04-19,1,ENSENADA,205.53,196.68,8.84,0.0,0.0,1.0
2026-04-19,2,ENSENADA,194.25,184.8,9.45,0.0,0.0,1.0
2026-04-19,3,ENSENADA,187.4,176.66,10.74,0.0,0.0,1.0
2026-04-19,4,ENSENADA,178.41,167.93,10.49,0.0,0.0,1.0
2026-04-19,5,ENSENADA,177.85,167.46,10.39,0.0,0.0,1.0
2026-04-19,6,ENSENADA,104.37,98.84,5.52,0.0,0.0,1.0
2026-04-19,7,ENSENADA,103.63,98.18,5.46,0.0,0.0,1.0
2026-04-19,8,ENSENADA,103.04,97.79,5.26,0.0,0.0,1.0
2026-04-19,9,ENSENADA,5768.73,98.81,5.69,5664.24,0.0,1.0
2026-04-19,10,ENSENADA,5772.19,98.97,6.57,5666.66,0.0,1.0
2026-04-19,11,ENSENADA,5775.14,98.35,6.23,5670.57,0.0,1.0
2026-04-19,12,ENSENADA,5783.23,198.65,12.89,5571.69,0.0,1.0
2026-04-19,13,ENSENADA,5790.18,211.17,13.53,5565.48,0.0,1.0
2026-04-19,14,ENSENADA,5786.61,202.19,13.25,5571.17,0.0,1.0
2026-04-19,15,ENSENADA,5793.17,323.37,21.59,5448.22,0.0,1.0
2026-04-19,16,ENSENADA,211.11,198.65,12.46,0.0,0.0,1.0
2026-04-19,17,ENSENADA,204.64,193.71,10.93,0.0,0.0,1.0
2026-04-19,18,ENSENADA,218.53,207.29,11.25,0.0,0.0,1.0
2026-04-19,19,ENSENADA,431.03,409.52,21.51,0.0,0.0,1.0
2026-04-19,20,ENSENADA,723.64,687.11,36.53,0.0,0.0,1.0
2026-04-19,21,ENSENADA,735.01,700.87,34.14,0.0,0.0,1.0
2026-04-19,22,ENSENADA,725.99,693.92,32.07,0.0,0.0,1.0
2026-04-19,23,ENSENADA,716.69,687.05,29.64,0.0,0.0,1.0
2026-04-19,24,ENSENADA,222.76,214.04,8.72,0.0,0.0,1.0
2026-04-19,1,MEXICALI,199.76,196.68,3.08,0.0,0.0,1.0
2026-04-19,2,MEXICALI,187.3,184.8,2.5,0.0,0.0,1.0
2026-04-19,3,MEXICALI,179.03,176.66,2.37,0.0,0.0,1.0
2026-04-19,4,MEXICALI,170.82,167.93,2.9,0.0,0.0,1.0
2026-04-19,5,MEXICALI,170.61,167.46,3.15,0.0,0.0,1.0
2026-04-19,6,MEXICALI,100.94,98.84,2.09,0.0,0.0,1.0
2026-04-19,7,MEXICALI,100.02,98.18,1.84,0.0,0.0,1.0
2026-04-19,8,MEXICALI,99.01,97.79,1.23,0.0,0.0,1.0
2026-04-19,9,MEXICALI,99.67,98.81,0.86,0.0,0.0,1.0
2026-04-19,10,MEXICALI,99.72,98.97,0.75,0.0,0.0,1.0
2026-04-19,11,MEXICALI,99.71,98.35,1.36,0.0,0.0,1.0
2026-04-19,12,MEXICALI,204.15,198.65,5.51,0.0,0.0,1.0
2026-04-19,13,MEXICALI,217.45,211.17,6.28,0.0,0.0,1.0
2026-04-19,14,MEXICALI,207.8,202.19,5.61,0.0,0.0,1.0
2026-04-19,15,MEXICALI,332.08,323.37,8.71,0.0,0.0,1.0
2026-04-19,16,MEXICALI,201.62,198.65,2.97,0.0,0.0,1.0
2026-04-19,17,MEXICALI,195.5,193.71,1.79,0.0,0.0,1.0
2026-04-19,18,MEXICALI,210.28,207.29,2.99,0.0,0.0,1.0
2026-04-19,19,MEXICALI,422.56,409.52,13.04,0.0,0.0,1.0
2026-04-19,20,MEXICALI,707.45,687.11,20.34,0.0,0.0,1.0
2026-04-19,21,MEXICALI,720.68,700.87,19.81,0.0,0.0,1.0
2026-04-19,22,MEXICALI,714.13,693.92,20.21,0.0,0.0,1.0
2026-04-19,23,MEXICALI,707.47,687.05,20.42,0.0,0.0,1.0
2026-04-19,24,MEXICALI,219.68,214.04,5.64,0.0,0.0,1.0
2026-04-19,1,SANLUIS,201.27,196.68,4.59,0.0,0.0,1.0
2026-04-19,2,SANLUIS,188.62,184.8,3.82,0.0,0.0,1.0
2026-04-19,3,SANLUIS,180.21,176.66,3.55,0.0,0.0,1.0
2026-04-19,4,SANLUIS,171.89,167.93,3.97,0.0,0.0,1.0
2026-04-19,5,SANLUIS,171.63,167.46,4.17,0.0,0.0,1.0
2026-04-19,6,SANLUIS,101.53,98.84,2.68,0.0,0.0,1.0
2026-04-19,7,SANLUIS,100.54,98.18,2.37,0.0,0.0,1.0
2026-04-19,8,SANLUIS,99.54,97.79,1.75,0.0,0.0,1.0
2026-04-19,9,SANLUIS,100.4,98.81,1.6,0.0,0.0,1.0
2026-04-19,10,SANLUIS,100.53,98.97,1.56,0.0,0.0,1.0
2026-04-19,11,SANLUIS,100.63,98.35,2.29,0.0,0.0,1.0
2026-04-19,12,SANLUIS,206.38,198.65,7.73,0.0,0.0,1.0
2026-04-19,13,SANLUIS,219.87,211.17,8.7,0.0,0.0,1.0
2026-04-19,14,SANLUIS,210.35,202.19,8.16,0.0,0.0,1.0
2026-04-19,15,SANLUIS,335.38,323.37,12.02,0.0,0.0,1.0
2026-04-19,16,SANLUIS,203.67,198.65,5.02,0.0,0.0,1.0
2026-04-19,17,SANLUIS,197.56,193.71,3.85,0.0,0.0,1.0
2026-04-19,18,SANLUIS,212.54,207.29,5.26,0.0,0.0,1.0
2026-04-19,19,SANLUIS,426.9,409.52,17.38,0.0,0.0,1.0
2026-04-19,20,SANLUIS,714.7,687.11,27.59,0.0,0.0,1.0
2026-04-19,21,SANLUIS,728.39,700.87,27.52,0.0,0.0,1.0
2026-04-19,22,SANLUIS,721.34,693.92,27.42,0.0,0.0,1.0
2026-04-19,23,SANLUIS,714.18,687.05,27.13,0.0,0.0,1.0
2026-04-19,24,SANLUIS,221.58,214.04,7.55,0.0,0.0,1.0
2026-04-19,1,TIJUANA,199.42,196.68,2.74,0.0,0.0,1.0
2026-04-19,2,TIJUANA,187.22,184.8,2.42,0.0,0.0,1.0
2026-04-19,3,TIJUANA,178.87,176.66,2.21,0.0,0.0,1.0
2026-04-19,4,TIJUANA,170.0,167.93,2.07,0.0,0.0,1.0
2026-04-19,5,TIJUANA,169.52,167.46,2.06,0.0,0.0,1.0
2026-04-19,6,TIJUANA,100.07,98.84,1.22,0.0,0.0,1.0
2026-04-19,7,TIJUANA,99.38,98.18,1.2,0.0,0.0,1.0
2026-04-19,8,TIJUANA,98.97,97.79,1.18,0.0,0.0,1.0
2026-04-19,9,TIJUANA,302.13,98.81,1.19,202.14,0.0,1.0
2026-04-19,10,TIJUANA,312.57,98.97,1.23,212.37,0.0,1.0
2026-04-19,11,TIJUANA,308.76,98.35,1.32,209.1,0.0,1.0
2026-04-19,12,TIJUANA,398.4,198.65,2.88,196.87,0.0,1.0
2026-04-19,13,TIJUANA,405.81,211.17,3.2,191.43,0.0,1.0
2026-04-19,14,TIJUANA,388.43,202.19,3.08,183.15,0.0,1.0
2026-04-19,15,TIJUANA,504.51,323.37,5.09,176.06,0.0,1.0
2026-04-19,16,TIJUANA,201.69,198.65,3.04,0.0,0.0,1.0
2026-04-19,17,TIJUANA,196.66,193.71,2.95,0.0,0.0,1.0
2026-04-19,18,TIJUANA,210.58,207.29,3.29,0.0,0.0,1.0
2026-04-19,19,TIJUANA,416.6,409.52,7.08,0.0,0.0,1.0
2026-04-19,20,TIJUANA,699.21,687.11,12.1,0.0,0.0,1.0
2026-04-19,21,TIJUANA,712.99,700.87,12.12,0.0,0.0,1.0
2026-04-19,22,TIJUANA,705.75,693.92,11.83,0.0,0.0,1.0
2026-04-19,23,TIJUANA,697.89,687.05,10.84,0.0,0.0,1.0
2026-04-19,24,TIJUANA,217.15,214.04,3.11,0.0,0.0,1.0
2026-04-20,1,ENSENADA,203.73,196.58,7.15,0.0,0.0,1.0
2026-04-20,2,ENSENADA,192.08,185.56,6.52,0.0,0.0,1.0
2026-04-20,3,ENSENADA,187.96,181.68,6.28,0.0,0.0,1.0
2026-04-20,4,ENSENADA,172.39,166.86,5.53,0.0,0.0,1.0
2026-04-20,5,ENSENADA,171.38,166.18,5.2,0.0,0.0,1.0
2026-04-20,6,ENSENADA,100.3,97.62,2.68,0.0,0.0,1.0
2026-04-20,7,ENSENADA,120.77,117.34,3.43,0.0,0.0,1.0
2026-04-20,8,ENSENADA,169.08,163.73,5.35,0.0,0.0,1.0
2026-04-20,9,ENSENADA,153.87,147.35,6.52,0.0,0.0,1.0
2026-04-20,10,ENSENADA,169.08,161.1,7.98,0.0,0.0,1.0
2026-04-20,11,ENSENADA,171.98,163.04,8.94,0.0,0.0,1.0
2026-04-20,12,ENSENADA,187.32,177.85,9.47,0.0,0.0,1.0
2026-04-20,13,ENSENADA,194.6,184.67,9.93,0.0,0.0,1.0
2026-04-20,14,ENSENADA,209.03,198.26,10.77,0.0,0.0,1.0
2026-04-20,15,ENSENADA,363.51,346.43,17.08,0.0,0.0,1.0
2026-04-20,16,ENSENADA,386.95,371.02,15.93,0.0,0.0,1.0
2026-04-20,17,ENSENADA,648.57,626.69,21.88,0.0,0.0,1.0
2026-04-20,18,ENSENADA,702.59,680.67,21.92,0.0,0.0,1.0
2026-04-20,19,ENSENADA,439.01,425.76,13.25,0.0,0.0,1.0
2026-04-20,20,ENSENADA,435.44,421.0,14.44,0.0,0.0,1.0
2026-04-20,21,ENSENADA,706.56,682.18,24.38,0.0,0.0,1.0
2026-04-20,22,ENSENADA,406.02,392.92,13.1,0.0,0.0,1.0
2026-04-20,23,ENSENADA,295.33,285.97,9.35,0.0,0.0,1.0
2026-04-20,24,ENSENADA,219.4,212.37,7.03,0.0,0.0,1.0
2026-04-20,1,MEXICALI,200.61,196.58,4.02,0.0,0.0,1.0
2026-04-20,2,MEXICALI,188.78,185.56,3.22,0.0,0.0,1.0
2026-04-20,3,MEXICALI,185.12,181.68,3.44,0.0,0.0,1.0
2026-04-20,4,MEXICALI,170.77,166.86,3.91,0.0,0.0,1.0
2026-04-20,5,MEXICALI,170.66,166.18,4.48,0.0,0.0,1.0
2026-04-20,6,MEXICALI,100.25,97.62,2.63,0.0,0.0,1.0
2026-04-20,7,MEXICALI,119.94,117.34,2.61,0.0,0.0,1.0
2026-04-20,8,MEXICALI,166.52,163.73,2.79,0.0,0.0,1.0
2026-04-20,9,MEXICALI,148.2,147.35,0.85,0.0,0.0,1.0
2026-04-20,10,MEXICALI,161.93,161.1,0.83,0.0,0.0,1.0
2026-04-20,11,MEXICALI,163.7,163.04,0.66,0.0,0.0,1.0
2026-04-20,12,MEXICALI,178.8,177.85,0.96,0.0,0.0,1.0
2026-04-20,13,MEXICALI,187.2,184.67,2.53,0.0,0.0,1.0
2026-04-20,14,MEXICALI,202.08,198.26,3.82,0.0,0.0,1.0
2026-04-20,15,MEXICALI,354.54,346.43,8.11,0.0,0.0,1.0
2026-04-20,16,MEXICALI,379.13,371.02,8.11,0.0,0.0,1.0
2026-04-20,17,MEXICALI,651.91,626.69,25.22,0.0,0.0,1.0
2026-04-20,18,MEXICALI,707.26,680.67,26.59,0.0,0.0,1.0
2026-04-20,19,MEXICALI,443.48,425.76,17.72,0.0,0.0,1.0
2026-04-20,20,MEXICALI,438.01,421.0,17.01,0.0,0.0,1.0
2026-04-20,21,MEXICALI,706.9,682.18,24.71,0.0,0.0,1.0
2026-04-20,22,MEXICALI,410.1,392.92,17.18,0.0,0.0,1.0
2026-04-20,23,MEXICALI,295.39,285.97,9.42,0.0,0.0,1.0
2026-04-20,24,MEXICALI,216.93,212.37,4.56,0.0,0.0,1.0
2026-04-20,1,SANLUIS,202.21,196.58,5.62,0.0,0.0,1.0
2026-04-20,2,SANLUIS,190.16,185.56,4.6,0.0,0.0,1.0
2026-04-20,3,SANLUIS,186.38,181.68,4.7,0.0,0.0,1.0
2026-04-20,4,SANLUIS,171.87,166.86,5.01,0.0,0.0,1.0
2026-04-20,5,SANLUIS,171.73,166.18,5.55,0.0,0.0,1.0
2026-04-20,6,SANLUIS,100.87,97.62,3.25,0.0,0.0,1.0
2026-04-20,7,SANLUIS,120.6,117.34,3.27,0.0,0.0,1.0
2026-04-20,8,SANLUIS,167.42,163.73,3.69,0.0,0.0,1.0
2026-04-20,9,SANLUIS,149.34,147.35,1.99,0.0,0.0,1.0
2026-04-20,10,SANLUIS,163.31,161.1,2.21,0.0,0.0,1.0
2026-04-20,11,SANLUIS,165.36,163.04,2.31,0.0,0.0,1.0
2026-04-20,12,SANLUIS,180.69,177.85,2.85,0.0,0.0,1.0
2026-04-20,13,SANLUIS,189.36,184.67,4.69,0.0,0.0,1.0
2026-04-20,14,SANLUIS,204.63,198.26,6.37,0.0,0.0,1.0
2026-04-20,15,SANLUIS,359.39,346.43,12.95,0.0,0.0,1.0
2026-04-20,16,SANLUIS,384.52,371.02,13.49,0.0,0.0,1.0
2026-04-20,17,SANLUIS,661.6,626.69,34.91,0.0,0.0,1.0
2026-04-20,18,SANLUIS,717.24,680.67,36.57,0.0,0.0,1.0
2026-04-20,19,SANLUIS,447.87,425.76,22.11,0.0,0.0,1.0
2026-04-20,20,SANLUIS,442.26,421.0,21.25,0.0,0.0,1.0
2026-04-20,21,SANLUIS,713.98,682.18,31.79,0.0,0.0,1.0
2026-04-20,22,SANLUIS,414.05,392.92,21.13,0.0,0.0,1.0
2026-04-20,23,SANLUIS,298.06,285.97,12.09,0.0,0.0,1.0
2026-04-20,24,SANLUIS,218.82,212.37,6.45,0.0,0.0,1.0
2026-04-20,1,TIJUANA,199.2,196.58,2.61,0.0,0.0,1.0
2026-04-20,2,TIJUANA,187.91,185.56,2.35,0.0,0.0,1.0
2026-04-20,3,TIJUANA,183.94,181.68,2.26,0.0,0.0,1.0
2026-04-20,4,TIJUANA,168.96,166.86,2.1,0.0,0.0,1.0
2026-04-20,5,TIJUANA,168.35,166.18,2.17,0.0,0.0,1.0
2026-04-20,6,TIJUANA,99.01,97.62,1.39,0.0,0.0,1.0
2026-04-20,7,TIJUANA,119.14,117.34,1.8,0.0,0.0,1.0
2026-04-20,8,TIJUANA,166.5,163.73,2.77,0.0,0.0,1.0
2026-04-20,9,TIJUANA,149.81,147.35,2.46,0.0,0.0,1.0
2026-04-20,10,TIJUANA,163.87,161.1,2.77,0.0,0.0,1.0
2026-04-20,11,TIJUANA,166.08,163.04,3.04,0.0,0.0,1.0
2026-04-20,12,TIJUANA,181.23,177.85,3.38,0.0,0.0,1.0
2026-04-20,13,TIJUANA,188.23,184.67,3.56,0.0,0.0,1.0
2026-04-20,14,TIJUANA,202.17,198.26,3.91,0.0,0.0,1.0
2026-04-20,15,TIJUANA,353.36,346.43,6.92,0.0,0.0,1.0
2026-04-20,16,TIJUANA,378.58,371.02,7.56,0.0,0.0,1.0
2026-04-20,17,TIJUANA,639.53,626.69,12.83,0.0,0.0,1.0
2026-04-20,18,TIJUANA,694.24,680.67,13.57,0.0,0.0,1.0
2026-04-20,19,TIJUANA,434.18,425.76,8.42,0.0,0.0,1.0
2026-04-20,20,TIJUANA,429.57,421.0,8.57,0.0,0.0,1.0
2026-04-20,21,TIJUANA,696.14,682.18,13.96,0.0,0.0,1.0
2026-04-20,22,TIJUANA,400.85,392.92,7.93,0.0,0.0,1.0
2026-04-20,23,TIJUANA,291.54,285.97,5.57,0.0,0.0,1.0
2026-04-20,24,TIJUANA,216.09,212.37,3.73,0.0,0.0,1.0
2026-04-21,1,ENSENADA,241.93,235.21,6.71,0.0,2.0,1.0
2026-04-21,2,ENSENADA,190.27,185.22,5.05,0.0,2.0,1.0
2026-04-21,3,ENSENADA,181.55,176.81,4.74,0.0,2.0,1.0
2026-04-21,4,ENSENADA,171.43,166.99,4.44,0.0,2.0,1.0
2026-04-21,5,ENSENADA,168.83,164.42,4.41,0.0,2.0,1.0
2026-04-21,6,ENSENADA,173.5,169.05,4.45,0.0,2.0,1.0
2026-04-21,7,ENSENADA,200.24,194.54,5.7,0.0,2.0,1.0
2026-04-21,8,ENSENADA,208.6,201.64,6.96,0.0,2.0,1.0
2026-04-21,9,ENSENADA,153.2,147.32,5.87,0.0,2.0,1.0
2026-04-21,10,ENSENADA,193.68,186.44,7.24,0.0,2.0,1.0
2026-04-21,11,ENSENADA,214.0,205.39,8.6,0.0,2.0,1.0
2026-04-21,12,ENSENADA,222.3,213.56,8.75,0.0,2.0,1.0
2026-04-21,13,ENSENADA,261.93,251.2,10.73,0.0,2.0,1.0
2026-04-21,14,ENSENADA,284.45,273.48,10.97,0.0,2.0,1.0
2026-04-21,15,ENSENADA,311.66,299.6,12.05,0.0,2.0,1.0
2026-04-21,16,ENSENADA,406.81,392.26,14.55,0.0,2.0,1.0
2026-04-21,17,ENSENADA,717.67,692.52,25.15,0.0,2.0,1.0
2026-04-21,18,ENSENADA,690.08,668.25,21.83,0.0,2.0,1.0
2026-04-21,19,ENSENADA,731.6,705.33,26.27,0.0,2.0,1.0
2026-04-21,20,ENSENADA,688.33,663.66,24.67,0.0,2.0,1.0
2026-04-21,21,ENSENADA,707.14,680.18,26.96,0.0,2.0,1.0
2026-04-21,22,ENSENADA,686.46,662.69,23.78,0.0,2.0,1.0
2026-04-21,23,ENSENADA,398.89,387.88,11.01,0.0,2.0,1.0
2026-04-21,24,ENSENADA,398.37,387.61,10.76,0.0,2.0,1.0
2026-04-21,1,MEXICALI,238.27,235.21,3.06,0.0,2.0,1.0
2026-04-21,2,MEXICALI,187.77,185.22,2.54,0.0,2.0,1.0
2026-04-21,3,MEXICALI,179.5,176.81,2.69,0.0,2.0,1.0
2026-04-21,4,MEXICALI,169.62,166.99,2.63,0.0,2.0,1.0
2026-04-21,5,MEXICALI,166.67,164.42,2.25,0.0,2.0,1.0
2026-04-21,6,MEXICALI,171.34,169.05,2.3,0.0,2.0,1.0
2026-04-21,7,MEXICALI,195.01,194.54,0.47,0.0,2.0,1.0
2026-04-21,8,MEXICALI,201.43,201.64,-0.21,0.0,2.0,1.0
2026-04-21,9,MEXICALI,142.47,147.32,-4.85,0.0,2.0,1.0
2026-04-21,10,MEXICALI,182.52,186.44,-3.92,0.0,2.0,1.0
2026-04-21,11,MEXICALI,200.65,205.39,-4.74,0.0,2.0,1.0
2026-04-21,12,MEXICALI,208.96,213.56,-4.6,0.0,2.0,1.0
2026-04-21,13,MEXICALI,246.45,251.2,-4.75,0.0,2.0,1.0
2026-04-21,14,MEXICALI,272.32,273.48,-1.16,0.0,2.0,1.0
2026-04-21,15,MEXICALI,299.86,299.6,0.25,0.0,2.0,1.0
2026-04-21,16,MEXICALI,397.52,392.26,5.26,0.0,2.0,1.0
2026-04-21,17,MEXICALI,703.19,692.52,10.67,0.0,2.0,1.0
2026-04-21,18,MEXICALI,686.04,668.25,17.78,0.0,2.0,1.0
2026-04-21,19,MEXICALI,711.16,705.33,5.83,0.0,2.0,1.0
2026-04-21,20,MEXICALI,677.9,663.66,14.24,0.0,2.0,1.0
2026-04-21,21,MEXICALI,694.15,680.18,13.97,0.0,2.0,1.0
2026-04-21,22,MEXICALI,677.89,662.69,15.2,0.0,2.0,1.0
2026-04-21,23,MEXICALI,395.34,387.88,7.46,0.0,2.0,1.0
2026-04-21,24,MEXICALI,394.96,387.61,7.35,0.0,2.0,1.0
2026-04-21,1,SANLUIS,240.14,235.21,4.93,0.0,2.0,1.0
2026-04-21,2,SANLUIS,189.07,185.22,3.85,0.0,2.0,1.0
2026-04-21,3,SANLUIS,180.69,176.81,3.88,0.0,2.0,1.0
2026-04-21,4,SANLUIS,170.61,166.99,3.62,0.0,2.0,1.0
2026-04-21,5,SANLUIS,167.57,164.42,3.15,0.0,2.0,1.0
2026-04-21,6,SANLUIS,172.29,169.05,3.24,0.0,2.0,1.0
2026-04-21,7,SANLUIS,195.96,194.54,1.42,0.0,2.0,1.0
2026-04-21,8,SANLUIS,202.45,201.64,0.81,0.0,2.0,1.0
2026-04-21,9,SANLUIS,143.22,147.32,-4.1,0.0,2.0,1.0
2026-04-21,10,SANLUIS,183.64,186.44,-2.79,0.0,2.0,1.0
2026-04-21,11,SANLUIS,202.06,205.39,-3.33,0.0,2.0,1.0
2026-04-21,12,SANLUIS,210.49,213.56,-3.07,0.0,2.0,1.0
2026-04-21,13,SANLUIS,248.46,251.2,-2.74,0.0,2.0,1.0
2026-04-21,14,SANLUIS,274.81,273.48,1.33,0.0,2.0,1.0
2026-04-21,15,SANLUIS,302.89,299.6,3.29,0.0,2.0,1.0
2026-04-21,16,SANLUIS,401.55,392.26,9.29,0.0,2.0,1.0
2026-04-21,17,SANLUIS,710.97,692.52,18.45,0.0,2.0,1.0
2026-04-21,18,SANLUIS,693.67,668.25,25.41,0.0,2.0,1.0
2026-04-21,19,SANLUIS,718.93,705.33,13.6,0.0,2.0,1.0
2026-04-21,20,SANLUIS,684.88,663.66,21.22,0.0,2.0,1.0
2026-04-21,21,SANLUIS,701.13,680.18,20.95,0.0,2.0,1.0
2026-04-21,22,SANLUIS,684.28,662.69,21.6,0.0,2.0,1.0
2026-04-21,23,SANLUIS,398.79,387.88,10.91,0.0,2.0,1.0
2026-04-21,24,SANLUIS,398.06,387.61,10.45,0.0,2.0,1.0
2026-04-21,1,TIJUANA,238.85,235.21,3.63,0.0,2.0,1.0
2026-04-21,2,TIJUANA,188.01,185.22,2.79,0.0,2.0,1.0
2026-04-21,3,TIJUANA,179.42,176.81,2.61,0.0,2.0,1.0
2026-04-21,4,TIJUANA,169.43,166.99,2.44,0.0,2.0,1.0
2026-04-21,5,TIJUANA,166.81,164.42,2.39,0.0,2.0,1.0
2026-04-21,6,TIJUANA,171.57,169.05,2.52,0.0,2.0,1.0
2026-04-21,7,TIJUANA,197.53,194.54,2.99,0.0,2.0,1.0
2026-04-21,8,TIJUANA,205.02,201.64,3.38,0.0,2.0,1.0
2026-04-21,9,TIJUANA,149.83,147.32,2.51,0.0,2.0,1.0
2026-04-21,10,TIJUANA,189.71,186.44,3.27,0.0,2.0,1.0
2026-04-21,11,TIJUANA,209.14,205.39,3.75,0.0,2.0,1.0
2026-04-21,12,TIJUANA,217.48,213.56,3.92,0.0,2.0,1.0
2026-04-21,13,TIJUANA,255.89,251.2,4.7,0.0,2.0,1.0
2026-04-21,14,TIJUANA,278.52,273.48,5.03,0.0,2.0,1.0
2026-04-21,15,TIJUANA,305.35,299.6,5.74,0.0,2.0,1.0
2026-04-21,16,TIJUANA,399.94,392.26,7.68,0.0,2.0,1.0
2026-04-21,17,TIJUANA,705.77,692.52,13.25,0.0,2.0,1.0
2026-04-21,18,TIJUANA,680.55,668.25,12.3,0.0,2.0,1.0
2026-04-21,19,TIJUANA,718.92,705.33,13.59,0.0,2.0,1.0
2026-04-21,20,TIJUANA,676.51,663.66,12.86,0.0,2.0,1.0
2026-04-21,21,TIJUANA,693.52,680.18,13.34,0.0,2.0,1.0
2026-04-21,22,TIJUANA,675.06,662.69,12.38,0.0,2.0,1.0
2026-04-21,23,TIJUANA,394.49,387.88,6.6,0.0,2.0,1.0
2026-04-21,24,TIJUANA,394.09,387.61,6.48,0.0,2.0,1.0
2026-04-22,1,ENSENADA,393.61,383.98,9.63,0.0,0.0,1.0
2026-04-22,2,ENSENADA,271.72,265.25,6.47,0.0,0.0,1.0
2026-04-22,3,ENSENADA,248.78,242.81,5.97,0.0,0.0,1.0
2026-04-22,4,ENSENADA,245.78,239.95,5.83,0.0,0.0,1.0
2026-04-22,5,ENSENADA,241.07,235.3,5.77,0.0,0.0,1.0
2026-04-22,6,ENSENADA,246.8,240.8,6.0,0.0,0.0,1.0
2026-04-22,7,ENSENADA,260.73,254.43,6.3,0.0,0.0,1.0
2026-04-22,8,ENSENADA,224.03,216.91,7.11,0.0,0.0,1.0
2026-04-22,9,ENSENADA,684.04,660.69,23.34,0.0,0.0,1.0
2026-04-22,10,ENSENADA,264.32,253.03,11.28,0.0,0.0,1.0
2026-04-22,11,ENSENADA,254.71,243.56,11.16,0.0,0.0,1.0
2026-04-22,12,ENSENADA,253.93,242.8,11.13,0.0,0.0,1.0
2026-04-22,13,ENSENADA,254.37,243.04,11.33,0.0,0.0,1.0
2026-04-22,14,ENSENADA,241.84,231.05,10.79,0.0,0.0,1.0
2026-04-22,15,ENSENADA,253.05,242.82,10.23,0.0,0.0,1.0
2026-04-22,16,ENSENADA,260.57,250.46,10.12,0.0,0.0,1.0
2026-04-22,17,ENSENADA,685.15,660.18,24.96,0.0,0.0,1.0
2026-04-22,18,ENSENADA,412.72,397.91,14.81,0.0,0.0,1.0
2026-04-22,19,ENSENADA,690.42,667.17,23.25,0.0,0.0,1.0
2026-04-22,20,ENSENADA,713.71,689.27,24.44,0.0,0.0,1.0
2026-04-22,21,ENSENADA,702.73,678.12,24.6,0.0,0.0,1.0
2026-04-22,22,ENSENADA,743.06,718.87,24.19,0.0,0.0,1.0
2026-04-22,23,ENSENADA,703.62,684.38,19.25,0.0,0.0,1.0
2026-04-22,24,ENSENADA,394.91,387.15,7.76,0.0,0.0,1.0
2026-04-22,1,MEXICALI,391.44,383.98,7.46,0.0,0.0,1.0
2026-04-22,2,MEXICALI,269.05,265.25,3.79,0.0,0.0,1.0
2026-04-22,3,MEXICALI,244.92,242.81,2.11,0.0,0.0,1.0
2026-04-22,4,MEXICALI,242.2,239.95,2.25,0.0,0.0,1.0
2026-04-22,5,MEXICALI,237.32,235.3,2.03,0.0,0.0,1.0
2026-04-22,6,MEXICALI,242.38,240.8,1.58,0.0,0.0,1.0
2026-04-22,7,MEXICALI,257.36,254.43,2.93,0.0,0.0,1.0
2026-04-22,8,MEXICALI,219.48,216.91,2.57,0.0,0.0,1.0
2026-04-22,9,MEXICALI,669.05,660.69,8.36,0.0,0.0,1.0
2026-04-22,10,MEXICALI,251.81,253.03,-1.23,0.0,0.0,1.0
2026-04-22,11,MEXICALI,241.43,243.56,-2.13,0.0,0.0,1.0
2026-04-22,12,MEXICALI,241.87,242.8,-0.94,0.0,0.0,1.0
2026-04-22,13,MEXICALI,242.3,243.04,-0.74,0.0,0.0,1.0
2026-04-22,14,MEXICALI,229.16,231.05,-1.89,0.0,0.0,1.0
2026-04-22,15,MEXICALI,242.2,242.82,-0.61,0.0,0.0,1.0
2026-04-22,16,MEXICALI,249.32,250.46,-1.13,0.0,0.0,1.0
2026-04-22,17,MEXICALI,669.36,660.18,9.18,0.0,0.0,1.0
2026-04-22,18,MEXICALI,410.48,397.91,12.57,0.0,0.0,1.0
2026-04-22,19,MEXICALI,693.36,667.17,26.18,0.0,0.0,1.0
2026-04-22,20,MEXICALI,712.68,689.27,23.41,0.0,0.0,1.0
2026-04-22,21,MEXICALI,703.56,678.12,25.44,0.0,0.0,1.0
2026-04-22,22,MEXICALI,734.4,718.87,15.53,0.0,0.0,1.0
2026-04-22,23,MEXICALI,704.26,684.38,19.88,0.0,0.0,1.0
2026-04-22,24,MEXICALI,402.22,387.15,15.06,0.0,0.0,1.0
2026-04-22,1,SANLUIS,394.21,383.98,10.24,0.0,0.0,1.0
2026-04-22,2,SANLUIS,270.77,265.25,5.52,0.0,0.0,1.0
2026-04-22,3,SANLUIS,246.37,242.81,3.56,0.0,0.0,1.0
2026-04-22,4,SANLUIS,243.53,239.95,3.58,0.0,0.0,1.0
2026-04-22,5,SANLUIS,238.57,235.3,3.28,0.0,0.0,1.0
2026-04-22,6,SANLUIS,243.61,240.8,2.81,0.0,0.0,1.0
2026-04-22,7,SANLUIS,258.58,254.43,4.15,0.0,0.0,1.0
2026-04-22,8,SANLUIS,220.47,216.91,3.56,0.0,0.0,1.0
2026-04-22,9,SANLUIS,671.95,660.69,11.26,0.0,0.0,1.0
2026-04-22,10,SANLUIS,252.18,253.03,-0.85,0.0,0.0,1.0
2026-04-22,11,SANLUIS,241.83,243.56,-1.73,0.0,0.0,1.0
2026-04-22,12,SANLUIS,242.46,242.8,-0.34,0.0,0.0,1.0
2026-04-22,13,SANLUIS,243.1,243.04,0.06,0.0,0.0,1.0
2026-04-22,14,SANLUIS,230.07,231.05,-0.98,0.0,0.0,1.0
2026-04-22,15,SANLUIS,243.38,242.82,0.56,0.0,0.0,1.0
2026-04-22,16,SANLUIS,250.64,250.46,0.19,0.0,0.0,1.0
2026-04-22,17,SANLUIS,673.49,660.18,13.31,0.0,0.0,1.0
2026-04-22,18,SANLUIS,413.44,397.91,15.53,0.0,0.0,1.0
2026-04-22,19,SANLUIS,699.29,667.17,32.12,0.0,0.0,1.0
2026-04-22,20,SANLUIS,718.74,689.27,29.47,0.0,0.0,1.0
2026-04-22,21,SANLUIS,709.93,678.12,31.81,0.0,0.0,1.0
2026-04-22,22,SANLUIS,741.04,718.87,22.17,0.0,0.0,1.0
2026-04-22,23,SANLUIS,710.26,684.38,25.89,0.0,0.0,1.0
2026-04-22,24,SANLUIS,405.34,387.15,18.19,0.0,0.0,1.0
2026-04-22,1,TIJUANA,389.51,383.98,5.53,0.0,0.0,1.0
2026-04-22,2,TIJUANA,268.83,265.25,3.58,0.0,0.0,1.0
2026-04-22,3,TIJUANA,245.96,242.81,3.15,0.0,0.0,1.0
2026-04-22,4,TIJUANA,243.06,239.95,3.11,0.0,0.0,1.0
2026-04-22,5,TIJUANA,238.36,235.3,3.07,0.0,0.0,1.0
2026-04-22,6,TIJUANA,244.02,240.8,3.22,0.0,0.0,1.0
2026-04-22,7,TIJUANA,258.07,254.43,3.64,0.0,0.0,1.0
2026-04-22,8,TIJUANA,220.38,216.91,3.47,0.0,0.0,1.0
2026-04-22,9,TIJUANA,671.26,660.69,10.57,0.0,0.0,1.0
2026-04-22,10,TIJUANA,257.23,253.03,4.19,0.0,0.0,1.0
2026-04-22,11,TIJUANA,247.57,243.56,4.01,0.0,0.0,1.0
2026-04-22,12,TIJUANA,246.89,242.8,4.09,0.0,0.0,1.0
2026-04-22,13,TIJUANA,247.15,243.04,4.11,0.0,0.0,1.0
2026-04-22,14,TIJUANA,234.96,231.05,3.91,0.0,0.0,1.0
2026-04-22,15,TIJUANA,247.0,242.82,4.18,0.0,0.0,1.0
2026-04-22,16,TIJUANA,254.76,250.46,4.3,0.0,0.0,1.0
2026-04-22,17,TIJUANA,671.8,660.18,11.62,0.0,0.0,1.0
2026-04-22,18,TIJUANA,405.1,397.91,7.19,0.0,0.0,1.0
2026-04-22,19,TIJUANA,679.13,667.17,11.96,0.0,0.0,1.0
2026-04-22,20,TIJUANA,701.79,689.27,12.52,0.0,0.0,1.0
2026-04-22,21,TIJUANA,690.63,678.12,12.51,0.0,0.0,1.0
2026-04-22,22,TIJUANA,731.26,718.87,12.39,0.0,0.0,1.0
2026-04-22,23,TIJUANA,695.43,684.38,11.06,0.0,0.0,1.0
2026-04-22,24,TIJUANA,393.07,387.15,5.91,0.0,0.0,1.0
2026-04-23,1,ENSENADA,333.99,327.66,6.33,0.0,0.0,1.0
2026-04-23,2,ENSENADA,277.88,272.25,5.64,0.0,0.0,1.0
2026-04-23,3,ENSENADA,244.54,239.3,5.24,0.0,0.0,1.0
2026-04-23,4,ENSENADA,239.46,234.4,5.07,0.0,0.0,1.0
2026-04-23,5,ENSENADA,239.5,234.4,5.1,0.0,0.0,1.0
2026-04-23,6,ENSENADA,247.25,242.01,5.24,0.0,0.0,1.0
2026-04-23,7,ENSENADA,262.95,257.13,5.81,0.0,0.0,1.0
2026-04-23,8,ENSENADA,239.86,232.04,7.82,0.0,0.0,1.0
2026-04-23,9,ENSENADA,215.74,206.79,8.96,0.0,0.0,1.0
2026-04-23,10,ENSENADA,226.44,216.21,10.23,0.0,0.0,1.0
2026-04-23,11,ENSENADA,215.06,204.85,10.22,0.0,0.0,1.0
2026-04-23,12,ENSENADA,263.91,251.46,12.45,0.0,0.0,1.0
2026-04-23,13,ENSENADA,235.94,224.44,11.5,0.0,0.0,1.0
2026-04-23,14,ENSENADA,294.43,280.48,13.95,0.0,0.0,1.0
2026-04-23,15,ENSENADA,293.75,279.92,13.83,0.0,0.0,1.0
2026-04-23,16,ENSENADA,357.96,342.05,15.91,0.0,0.0,1.0
2026-04-23,17,ENSENADA,401.38,384.36,17.02,0.0,0.0,1.0
2026-04-23,18,ENSENADA,667.73,640.57,27.16,0.0,0.0,1.0
2026-04-23,19,ENSENADA,711.99,686.45,25.55,0.0,0.0,1.0
2026-04-23,20,ENSENADA,674.06,655.28,18.78,0.0,0.0,1.0
2026-04-23,21,ENSENADA,692.21,672.22,19.99,0.0,0.0,1.0
2026-04-23,22,ENSENADA,674.73,656.85,17.88,0.0,0.0,1.0
2026-04-23,23,ENSENADA,653.45,638.83,14.63,0.0,0.0,1.0
2026-04-23,24,ENSENADA,384.75,377.5,7.25,0.0,0.0,1.0
2026-04-23,1,MEXICALI,338.69,327.66,11.03,0.0,0.0,1.0
2026-04-23,2,MEXICALI,277.7,272.25,5.45,0.0,0.0,1.0
2026-04-23,3,MEXICALI,242.17,239.3,2.88,0.0,0.0,1.0
2026-04-23,4,MEXICALI,237.06,234.4,2.67,0.0,0.0,1.0
2026-04-23,5,MEXICALI,237.01,234.4,2.61,0.0,0.0,1.0
2026-04-23,6,MEXICALI,244.85,242.01,2.84,0.0,0.0,1.0
2026-04-23,7,MEXICALI,260.41,257.13,3.28,0.0,0.0,1.0
2026-04-23,8,MEXICALI,231.27,232.04,-0.77,0.0,0.0,1.0
2026-04-23,9,MEXICALI,206.14,206.79,-0.64,0.0,0.0,1.0
2026-04-23,10,MEXICALI,214.81,216.21,-1.4,0.0,0.0,1.0
2026-04-23,11,MEXICALI,205.25,204.85,0.41,0.0,0.0,1.0
2026-04-23,12,MEXICALI,254.39,251.46,2.93,0.0,0.0,1.0
2026-04-23,13,MEXICALI,223.97,224.44,-0.48,0.0,0.0,1.0
2026-04-23,14,MEXICALI,284.4,280.48,3.92,0.0,0.0,1.0
2026-04-23,15,MEXICALI,284.18,279.92,4.26,0.0,0.0,1.0
2026-04-23,16,MEXICALI,351.11,342.05,9.06,0.0,0.0,1.0
2026-04-23,17,MEXICALI,395.1,384.36,10.74,0.0,0.0,1.0
2026-04-23,18,MEXICALI,660.69,640.57,20.12,0.0,0.0,1.0
2026-04-23,19,MEXICALI,699.7,686.45,13.25,0.0,0.0,1.0
2026-04-23,20,MEXICALI,675.77,655.28,20.5,0.0,0.0,1.0
2026-04-23,21,MEXICALI,691.15,672.22,18.93,0.0,0.0,1.0
2026-04-23,22,MEXICALI,675.71,656.85,18.86,0.0,0.0,1.0
2026-04-23,23,MEXICALI,660.57,638.83,21.75,0.0,0.0,1.0
2026-04-23,24,MEXICALI,390.73,377.5,13.23,0.0,0.0,1.0
2026-04-23,1,SANLUIS,341.11,327.66,13.45,0.0,0.0,1.0
2026-04-23,2,SANLUIS,279.46,272.25,7.21,0.0,0.0,1.0
2026-04-23,3,SANLUIS,243.53,239.3,4.24,0.0,0.0,1.0
2026-04-23,4,SANLUIS,238.34,234.4,3.94,0.0,0.0,1.0
2026-04-23,5,SANLUIS,238.26,234.4,3.85,0.0,0.0,1.0
2026-04-23,6,SANLUIS,246.13,242.01,4.12,0.0,0.0,1.0
2026-04-23,7,SANLUIS,261.58,257.13,4.45,0.0,0.0,1.0
2026-04-23,8,SANLUIS,231.97,232.04,-0.07,0.0,0.0,1.0
2026-04-23,9,SANLUIS,206.34,206.79,-0.45,0.0,0.0,1.0
2026-04-23,10,SANLUIS,215.12,216.21,-1.09,0.0,0.0,1.0
2026-04-23,11,SANLUIS,205.74,204.85,0.9,0.0,0.0,1.0
2026-04-23,12,SANLUIS,255.14,251.46,3.68,0.0,0.0,1.0
2026-04-23,13,SANLUIS,224.61,224.44,0.17,0.0,0.0,1.0
2026-04-23,14,SANLUIS,285.41,280.48,4.93,0.0,0.0,1.0
2026-04-23,15,SANLUIS,285.35,279.92,5.43,0.0,0.0,1.0
2026-04-23,16,SANLUIS,353.34,342.05,11.29,0.0,0.0,1.0
2026-04-23,17,SANLUIS,398.02,384.36,13.66,0.0,0.0,1.0
2026-04-23,18,SANLUIS,666.18,640.57,25.61,0.0,0.0,1.0
2026-04-23,19,SANLUIS,705.56,686.45,19.11,0.0,0.0,1.0
2026-04-23,20,SANLUIS,681.74,655.28,26.47,0.0,0.0,1.0
2026-04-23,21,SANLUIS,697.4,672.22,25.19,0.0,0.0,1.0
2026-04-23,22,SANLUIS,681.57,656.85,24.72,0.0,0.0,1.0
2026-04-23,23,SANLUIS,666.01,638.83,27.18,0.0,0.0,1.0
2026-04-23,24,SANLUIS,393.64,377.5,16.13,0.0,0.0,1.0
2026-04-23,1,TIJUANA,332.54,327.66,4.88,0.0,0.0,1.0
2026-04-23,2,TIJUANA,275.68,272.25,3.43,0.0,0.0,1.0
2026-04-23,3,TIJUANA,242.27,239.3,2.97,0.0,0.0,1.0
2026-04-23,4,TIJUANA,237.29,234.4,2.89,0.0,0.0,1.0
2026-04-23,5,TIJUANA,237.32,234.4,2.92,0.0,0.0,1.0
2026-04-23,6,TIJUANA,245.1,242.01,3.09,0.0,0.0,1.0
2026-04-23,7,TIJUANA,260.65,257.13,3.51,0.0,0.0,1.0
2026-04-23,8,TIJUANA,235.49,232.04,3.45,0.0,0.0,1.0
2026-04-23,9,TIJUANA,210.01,206.79,3.23,0.0,0.0,1.0
2026-04-23,10,TIJUANA,219.68,216.21,3.47,0.0,0.0,1.0
2026-04-23,11,TIJUANA,208.23,204.85,3.39,0.0,0.0,1.0
2026-04-23,12,TIJUANA,255.6,251.46,4.14,0.0,0.0,1.0
2026-04-23,13,TIJUANA,228.16,224.44,3.72,0.0,0.0,1.0
2026-04-23,14,TIJUANA,285.18,280.48,4.7,0.0,0.0,1.0
2026-04-23,15,TIJUANA,284.69,279.92,4.77,0.0,0.0,1.0
2026-04-23,16,TIJUANA,348.39,342.05,6.34,0.0,0.0,1.0
2026-04-23,17,TIJUANA,391.34,384.36,6.98,0.0,0.0,1.0
2026-04-23,18,TIJUANA,651.83,640.57,11.26,0.0,0.0,1.0
2026-04-23,19,TIJUANA,698.7,686.45,12.25,0.0,0.0,1.0
2026-04-23,20,TIJUANA,666.82,655.28,11.55,0.0,0.0,1.0
2026-04-23,21,TIJUANA,684.29,672.22,12.08,0.0,0.0,1.0
2026-04-23,22,TIJUANA,668.41,656.85,11.56,0.0,0.0,1.0
2026-04-23,23,TIJUANA,649.48,638.83,10.65,0.0,0.0,1.0
2026-04-23,24,TIJUANA,383.27,377.5,5.77,0.0,0.0,1.0
2026-04-24,1,ENSENADA,300.91,294.91,6.0,0.0,0.0,1.0
2026-04-24,2,ENSENADA,238.64,233.61,5.04,0.0,0.0,1.0
2026-04-24,3,ENSENADA,227.95,223.23,4.72,0.0,0.0,1.0
2026-04-24,4,ENSENADA,220.49,215.81,4.67,0.0,0.0,1.0
2026-04-24,5,ENSENADA,212.83,208.24,4.59,0.0,0.0,1.0
2026-04-24,6,ENSENADA,225.23,220.29,4.93,0.0,0.0,1.0
2026-04-24,7,ENSENADA,222.44,217.22,5.22,0.0,0.0,1.0
2026-04-24,8,ENSENADA,194.94,188.76,6.18,0.0,0.0,1.0
2026-04-24,9,ENSENADA,215.8,208.18,7.61,0.0,0.0,1.0
2026-04-24,10,ENSENADA,223.17,214.22,8.95,0.0,0.0,1.0
2026-04-24,11,ENSENADA,230.32,220.29,10.04,0.0,0.0,1.0
2026-04-24,12,ENSENADA,276.34,264.45,11.89,0.0,0.0,1.0
2026-04-24,13,ENSENADA,256.97,246.29,10.68,0.0,0.0,1.0
2026-04-24,14,ENSENADA,247.81,238.55,9.26,0.0,0.0,1.0
2026-04-24,15,ENSENADA,234.71,226.43,8.28,0.0,0.0,1.0
2026-04-24,16,ENSENADA,255.46,246.49,8.97,0.0,0.0,1.0
2026-04-24,17,ENSENADA,386.91,375.37,11.54,0.0,0.0,1.0
2026-04-24,18,ENSENADA,663.14,644.59,18.56,0.0,0.0,1.0
2026-04-24,19,ENSENADA,674.44,656.28,18.16,0.0,0.0,1.0
2026-04-24,20,ENSENADA,684.81,665.84,18.97,0.0,0.0,1.0
2026-04-24,21,ENSENADA,731.06,709.93,21.13,0.0,0.0,1.0
2026-04-24,22,ENSENADA,709.64,690.44,19.2,0.0,0.0,1.0
2026-04-24,23,ENSENADA,693.43,677.48,15.95,0.0,0.0,1.0
2026-04-24,24,ENSENADA,681.65,666.54,15.11,0.0,0.0,1.0
2026-04-24,1,MEXICALI,301.7,294.91,6.79,0.0,0.0,1.0
2026-04-24,2,MEXICALI,236.31,233.61,2.7,0.0,0.0,1.0
2026-04-24,3,MEXICALI,225.78,223.23,2.55,0.0,0.0,1.0
2026-04-24,4,MEXICALI,217.83,215.81,2.02,0.0,0.0,1.0
2026-04-24,5,MEXICALI,209.42,208.24,1.18,0.0,0.0,1.0
2026-04-24,6,MEXICALI,221.38,220.29,1.09,0.0,0.0,1.0
2026-04-24,7,MEXICALI,217.93,217.22,0.7,0.0,0.0,1.0
2026-04-24,8,MEXICALI,188.19,188.76,-0.57,0.0,0.0,1.0
2026-04-24,9,MEXICALI,209.59,208.18,1.41,0.0,0.0,1.0
2026-04-24,10,MEXICALI,215.09,214.22,0.86,0.0,0.0,1.0
2026-04-24,11,MEXICALI,221.11,220.29,0.82,0.0,0.0,1.0
2026-04-24,12,MEXICALI,267.94,264.45,3.49,0.0,0.0,1.0
2026-04-24,13,MEXICALI,248.13,246.29,1.84,0.0,0.0,1.0
2026-04-24,14,MEXICALI,240.85,238.55,2.3,0.0,0.0,1.0
2026-04-24,15,MEXICALI,229.71,226.43,3.27,0.0,0.0,1.0
2026-04-24,16,MEXICALI,251.17,246.49,4.68,0.0,0.0,1.0
2026-04-24,17,MEXICALI,387.37,375.37,12.01,0.0,0.0,1.0
2026-04-24,18,MEXICALI,662.23,644.59,17.65,0.0,0.0,1.0
2026-04-24,19,MEXICALI,670.08,656.28,13.8,0.0,0.0,1.0
2026-04-24,20,MEXICALI,677.02,665.84,11.19,0.0,0.0,1.0
2026-04-24,21,MEXICALI,722.0,709.93,12.07,0.0,0.0,1.0
2026-04-24,22,MEXICALI,702.58,690.44,12.14,0.0,0.0,1.0
2026-04-24,23,MEXICALI,692.23,677.48,14.75,0.0,0.0,1.0
2026-04-24,24,MEXICALI,682.34,666.54,15.8,0.0,0.0,1.0
2026-04-24,1,SANLUIS,303.66,294.91,8.75,0.0,0.0,1.0
2026-04-24,2,SANLUIS,237.65,233.61,4.05,0.0,0.0,1.0
2026-04-24,3,SANLUIS,226.98,223.23,3.75,0.0,0.0,1.0
2026-04-24,4,SANLUIS,218.9,215.81,3.08,0.0,0.0,1.0
2026-04-24,5,SANLUIS,210.43,208.24,2.19,0.0,0.0,1.0
2026-04-24,6,SANLUIS,222.45,220.29,2.15,0.0,0.0,1.0
2026-04-24,7,SANLUIS,218.81,217.22,1.59,0.0,0.0,1.0
2026-04-24,8,SANLUIS,188.93,188.76,0.17,0.0,0.0,1.0
2026-04-24,9,SANLUIS,210.56,208.18,2.37,0.0,0.0,1.0
2026-04-24,10,SANLUIS,216.03,214.22,1.8,0.0,0.0,1.0
2026-04-24,11,SANLUIS,222.71,220.29,2.42,0.0,0.0,1.0
2026-04-24,12,SANLUIS,269.54,264.45,5.09,0.0,0.0,1.0
2026-04-24,13,SANLUIS,249.72,246.29,3.44,0.0,0.0,1.0
2026-04-24,14,SANLUIS,242.54,238.55,3.99,0.0,0.0,1.0
2026-04-24,15,SANLUIS,231.63,226.43,5.2,0.0,0.0,1.0
2026-04-24,16,SANLUIS,254.28,246.49,7.79,0.0,0.0,1.0
2026-04-24,17,SANLUIS,392.5,375.37,17.14,0.0,0.0,1.0
2026-04-24,18,SANLUIS,671.39,644.59,26.8,0.0,0.0,1.0
2026-04-24,19,SANLUIS,679.32,656.28,23.04,0.0,0.0,1.0
2026-04-24,20,SANLUIS,685.93,665.84,20.09,0.0,0.0,1.0
2026-04-24,21,SANLUIS,731.51,709.93,21.58,0.0,0.0,1.0
2026-04-24,22,SANLUIS,711.6,690.44,21.17,0.0,0.0,1.0
2026-04-24,23,SANLUIS,701.09,677.48,23.61,0.0,0.0,1.0
2026-04-24,24,SANLUIS,690.28,666.54,23.74,0.0,0.0,1.0
2026-04-24,1,TIJUANA,299.3,294.91,4.39,0.0,0.0,1.0
2026-04-24,2,TIJUANA,236.59,233.61,2.98,0.0,0.0,1.0
2026-04-24,3,TIJUANA,226.0,223.23,2.77,0.0,0.0,1.0
2026-04-24,4,TIJUANA,218.45,215.81,2.64,0.0,0.0,1.0
2026-04-24,5,TIJUANA,210.79,208.24,2.55,0.0,0.0,1.0
2026-04-24,6,TIJUANA,223.04,220.29,2.74,0.0,0.0,1.0
2026-04-24,7,TIJUANA,220.12,217.22,2.9,0.0,0.0,1.0
2026-04-24,8,TIJUANA,191.47,188.76,2.71,0.0,0.0,1.0
2026-04-24,9,TIJUANA,211.41,208.18,3.23,0.0,0.0,1.0
2026-04-24,10,TIJUANA,217.59,214.22,3.37,0.0,0.0,1.0
2026-04-24,11,TIJUANA,223.77,220.29,3.48,0.0,0.0,1.0
2026-04-24,12,TIJUANA,268.69,264.45,4.24,0.0,0.0,1.0
2026-04-24,13,TIJUANA,250.38,246.29,4.09,0.0,0.0,1.0
2026-04-24,14,TIJUANA,242.57,238.55,4.02,0.0,0.0,1.0
2026-04-24,15,TIJUANA,230.36,226.43,3.93,0.0,0.0,1.0
2026-04-24,16,TIJUANA,250.78,246.49,4.28,0.0,0.0,1.0
2026-04-24,17,TIJUANA,382.14,375.37,6.78,0.0,0.0,1.0
2026-04-24,18,TIJUANA,655.38,644.59,10.79,0.0,0.0,1.0
2026-04-24,19,TIJUANA,666.68,656.28,10.4,0.0,0.0,1.0
2026-04-24,20,TIJUANA,676.58,665.84,10.74,0.0,0.0,1.0
2026-04-24,21,TIJUANA,721.53,709.93,11.6,0.0,0.0,1.0
2026-04-24,22,TIJUANA,701.38,690.44,10.95,0.0,0.0,1.0
2026-04-24,23,TIJUANA,687.83,677.48,10.36,0.0,0.0,1.0
2026-04-24,24,TIJUANA,676.34,666.54,9.8,0.0,0.0,1.0
2026-04-25,1,ENSENADA,712.69,697.47,15.22,0.0,0.0,1.0
2026-04-25,2,ENSENADA,239.72,234.66,5.06,0.0,0.0,1.0
2026-04-25,3,ENSENADA,215.8,211.05,4.75,0.0,0.0,1.0
2026-04-25,4,ENSENADA,210.91,206.28,4.64,0.0,0.0,1.0
2026-04-25,5,ENSENADA,205.62,201.18,4.44,0.0,0.0,1.0
2026-04-25,6,ENSENADA,205.68,201.16,4.52,0.0,0.0,1.0
2026-04-25,7,ENSENADA,194.25,189.73,4.52,0.0,0.0,1.0
2026-04-25,8,ENSENADA,191.67,185.91,5.76,0.0,0.0,1.0
2026-04-25,9,ENSENADA,192.24,185.89,6.35,0.0,0.0,1.0
2026-04-25,10,ENSENADA,198.05,191.07,6.98,0.0,0.0,1.0
2026-04-25,11,ENSENADA,204.53,196.16,8.38,0.0,0.0,1.0
2026-04-25,12,ENSENADA,216.32,206.24,10.08,0.0,0.0,1.0
2026-04-25,13,ENSENADA,218.66,207.95,10.71,0.0,0.0,1.0
2026-04-25,14,ENSENADA,219.52,208.76,10.76,0.0,0.0,1.0
2026-04-25,15,ENSENADA,220.02,211.34,8.68,0.0,0.0,1.0
2026-04-25,16,ENSENADA,332.05,320.64,11.41,0.0,0.0,1.0
2026-04-25,17,ENSENADA,356.98,345.29,11.69,0.0,0.0,1.0
2026-04-25,18,ENSENADA,215.26,207.55,7.71,0.0,0.0,1.0
2026-04-25,19,ENSENADA,224.85,216.86,7.99,0.0,0.0,1.0
2026-04-25,20,ENSENADA,224.71,216.51,8.2,0.0,0.0,1.0
2026-04-25,21,ENSENADA,329.23,315.98,13.25,0.0,0.0,1.0
2026-04-25,22,ENSENADA,333.79,321.07,12.72,0.0,0.0,1.0
2026-04-25,23,ENSENADA,230.84,223.66,7.18,0.0,0.0,1.0
2026-04-25,24,ENSENADA,212.46,206.35,6.11,0.0,0.0,1.0
2026-04-25,1,MEXICALI,708.22,697.47,10.75,0.0,0.0,1.0
2026-04-25,2,MEXICALI,238.03,234.66,3.37,0.0,0.0,1.0
2026-04-25,3,MEXICALI,213.56,211.05,2.51,0.0,0.0,1.0
2026-04-25,4,MEXICALI,208.99,206.28,2.72,0.0,0.0,1.0
2026-04-25,5,MEXICALI,203.78,201.18,2.6,0.0,0.0,1.0
2026-04-25,6,MEXICALI,203.68,201.16,2.52,0.0,0.0,1.0
2026-04-25,7,MEXICALI,190.55,189.73,0.82,0.0,0.0,1.0
2026-04-25,8,MEXICALI,185.33,185.91,-0.58,0.0,0.0,1.0
2026-04-25,9,MEXICALI,184.66,185.89,-1.24,0.0,0.0,1.0
2026-04-25,10,MEXICALI,189.98,191.07,-1.1,0.0,0.0,1.0
2026-04-25,11,MEXICALI,195.22,196.16,-0.93,0.0,0.0,1.0
2026-04-25,12,MEXICALI,204.43,206.24,-1.82,0.0,0.0,1.0
2026-04-25,13,MEXICALI,205.54,207.95,-2.41,0.0,0.0,1.0
2026-04-25,14,MEXICALI,206.53,208.76,-2.23,0.0,0.0,1.0
2026-04-25,15,MEXICALI,209.09,211.34,-2.25,0.0,0.0,1.0
2026-04-25,16,MEXICALI,319.08,320.64,-1.56,0.0,0.0,1.0
2026-04-25,17,MEXICALI,344.44,345.29,-0.85,0.0,0.0,1.0
2026-04-25,18,MEXICALI,206.83,207.55,-0.72,0.0,0.0,1.0
2026-04-25,19,MEXICALI,216.99,216.86,0.13,0.0,0.0,1.0
2026-04-25,20,MEXICALI,216.05,216.51,-0.45,0.0,0.0,1.0
2026-04-25,21,MEXICALI,316.58,315.98,0.61,0.0,0.0,1.0
2026-04-25,22,MEXICALI,322.65,321.07,1.58,0.0,0.0,1.0
2026-04-25,23,MEXICALI,224.53,223.66,0.87,0.0,0.0,1.0
2026-04-25,24,MEXICALI,206.52,206.35,0.17,0.0,0.0,1.0
2026-04-25,1,SANLUIS,715.33,697.47,17.86,0.0,0.0,1.0
2026-04-25,2,SANLUIS,240.21,234.66,5.55,0.0,0.0,1.0
2026-04-25,3,SANLUIS,215.35,211.05,4.31,0.0,0.0,1.0
2026-04-25,4,SANLUIS,210.59,206.28,4.31,0.0,0.0,1.0
2026-04-25,5,SANLUIS,205.31,201.18,4.14,0.0,0.0,1.0
2026-04-25,6,SANLUIS,205.16,201.16,4.0,0.0,0.0,1.0
2026-04-25,7,SANLUIS,191.78,189.73,2.05,0.0,0.0,1.0
2026-04-25,8,SANLUIS,186.4,185.91,0.48,0.0,0.0,1.0
2026-04-25,9,SANLUIS,185.73,185.89,-0.16,0.0,0.0,1.0
2026-04-25,10,SANLUIS,191.12,191.07,0.04,0.0,0.0,1.0
2026-04-25,11,SANLUIS,196.47,196.16,0.31,0.0,0.0,1.0
2026-04-25,12,SANLUIS,205.83,206.24,-0.42,0.0,0.0,1.0
2026-04-25,13,SANLUIS,207.11,207.95,-0.84,0.0,0.0,1.0
2026-04-25,14,SANLUIS,208.27,208.76,-0.49,0.0,0.0,1.0
2026-04-25,15,SANLUIS,211.03,211.34,-0.31,0.0,0.0,1.0
2026-04-25,16,SANLUIS,322.46,320.64,1.81,0.0,0.0,1.0
2026-04-25,17,SANLUIS,348.39,345.29,3.1,0.0,0.0,1.0
2026-04-25,18,SANLUIS,209.13,207.55,1.58,0.0,0.0,1.0
2026-04-25,19,SANLUIS,219.44,216.86,2.58,0.0,0.0,1.0
2026-04-25,20,SANLUIS,218.39,216.51,1.89,0.0,0.0,1.0
2026-04-25,21,SANLUIS,319.99,315.98,4.02,0.0,0.0,1.0
2026-04-25,22,SANLUIS,325.86,321.07,4.79,0.0,0.0,1.0
2026-04-25,23,SANLUIS,226.54,223.66,2.89,0.0,0.0,1.0
2026-04-25,24,SANLUIS,208.2,206.35,1.85,0.0,0.0,1.0
2026-04-25,1,TIJUANA,707.38,697.47,9.91,0.0,0.0,1.0
2026-04-25,2,TIJUANA,237.53,234.66,2.87,0.0,0.0,1.0
2026-04-25,3,TIJUANA,213.59,211.05,2.54,0.0,0.0,1.0
2026-04-25,4,TIJUANA,208.74,206.28,2.46,0.0,0.0,1.0
2026-04-25,5,TIJUANA,203.55,201.18,2.37,0.0,0.0,1.0
2026-04-25,6,TIJUANA,203.55,201.16,2.39,0.0,0.0,1.0
2026-04-25,7,TIJUANA,191.95,189.73,2.23,0.0,0.0,1.0
2026-04-25,8,TIJUANA,188.17,185.91,2.25,0.0,0.0,1.0
2026-04-25,9,TIJUANA,188.26,185.89,2.37,0.0,0.0,1.0
2026-04-25,10,TIJUANA,193.7,191.07,2.63,0.0,0.0,1.0
2026-04-25,11,TIJUANA,198.92,196.16,2.76,0.0,0.0,1.0
2026-04-25,12,TIJUANA,209.16,206.24,2.91,0.0,0.0,1.0
2026-04-25,13,TIJUANA,210.9,207.95,2.95,0.0,0.0,1.0
2026-04-25,14,TIJUANA,211.69,208.76,2.93,0.0,0.0,1.0
2026-04-25,15,TIJUANA,214.29,211.34,2.96,0.0,0.0,1.0
2026-04-25,16,TIJUANA,324.93,320.64,4.29,0.0,0.0,1.0
2026-04-25,17,TIJUANA,349.75,345.29,4.47,0.0,0.0,1.0
2026-04-25,18,TIJUANA,210.46,207.55,2.91,0.0,0.0,1.0
2026-04-25,19,TIJUANA,219.94,216.86,3.08,0.0,0.0,1.0
2026-04-25,20,TIJUANA,219.69,216.51,3.18,0.0,0.0,1.0
2026-04-25,21,TIJUANA,320.65,315.98,4.68,0.0,0.0,1.0
2026-04-25,22,TIJUANA,325.62,321.07,4.55,0.0,0.0,1.0
2026-04-25,23,TIJUANA,226.66,223.66,3.0,0.0,0.0,1.0
2026-04-25,24,TIJUANA,208.95,206.35,2.6,0.0,0.0,1.0
2026-04-26,1,ENSENADA,193.0,187.78,5.23,0.0,0.0,1.0
2026-04-26,2,ENSENADA,184.45,179.9,4.56,0.0,0.0,1.0
2026-04-26,3,ENSENADA,175.51,170.83,4.68,0.0,0.0,1.0
2026-04-26,4,ENSENADA,168.27,163.3,4.97,0.0,0.0,1.0
2026-04-26,5,ENSENADA,154.45,149.63,4.82,0.0,0.0,1.0
2026-04-26,6,ENSENADA,154.42,149.49,4.93,0.0,0.0,1.0
2026-04-26,7,ENSENADA,122.79,118.58,4.21,0.0,0.0,1.0
2026-04-26,8,ENSENADA,154.72,149.55,5.17,0.0,0.0,1.0
2026-04-26,9,ENSENADA,102.93,99.11,3.82,0.0,0.0,1.0
2026-04-26,10,ENSENADA,102.99,99.09,3.9,0.0,0.0,1.0
2026-04-26,11,ENSENADA,102.27,98.42,3.84,0.0,0.0,1.0
2026-04-26,12,ENSENADA,101.91,98.12,3.78,0.0,0.0,1.0
2026-04-26,13,ENSENADA,101.25,97.81,3.45,0.0,0.0,1.0
2026-04-26,14,ENSENADA,101.32,97.63,3.69,0.0,0.0,1.0
2026-04-26,15,ENSENADA,91.16,87.89,3.27,0.0,0.0,1.0
2026-04-26,16,ENSENADA,91.43,88.23,3.2,0.0,0.0,1.0
2026-04-26,17,ENSENADA,92.2,89.03,3.17,0.0,0.0,1.0
2026-04-26,18,ENSENADA,101.26,98.11,3.15,0.0,0.0,1.0
2026-04-26,19,ENSENADA,167.91,163.22,4.69,0.0,0.0,1.0
2026-04-26,20,ENSENADA,173.85,168.69,5.17,0.0,0.0,1.0
2026-04-26,21,ENSENADA,191.36,185.3,6.06,0.0,0.0,1.0
2026-04-26,22,ENSENADA,187.3,180.88,6.42,0.0,0.0,1.0
2026-04-26,23,ENSENADA,172.84,167.68,5.16,0.0,0.0,1.0
2026-04-26,24,ENSENADA,120.82,117.6,3.23,0.0,0.0,1.0
2026-04-26,1,MEXICALI,187.18,187.78,-0.6,0.0,0.0,1.0
2026-04-26,2,MEXICALI,178.95,179.9,-0.95,0.0,0.0,1.0
2026-04-26,3,MEXICALI,170.68,170.83,-0.15,0.0,0.0,1.0
2026-04-26,4,MEXICALI,163.04,163.3,-0.26,0.0,0.0,1.0
2026-04-26,5,MEXICALI,149.25,149.63,-0.38,0.0,0.0,1.0
2026-04-26,6,MEXICALI,149.27,149.49,-0.22,0.0,0.0,1.0
2026-04-26,7,MEXICALI,117.97,118.58,-0.62,0.0,0.0,1.0
2026-04-26,8,MEXICALI,148.88,149.55,-0.67,0.0,0.0,1.0
2026-04-26,9,MEXICALI,98.27,99.11,-0.84,0.0,0.0,1.0
2026-04-26,10,MEXICALI,98.26,99.09,-0.83,0.0,0.0,1.0
2026-04-26,11,MEXICALI,98.01,98.42,-0.41,0.0,0.0,1.0
2026-04-26,12,MEXICALI,98.2,98.12,0.08,0.0,0.0,1.0
2026-04-26,13,MEXICALI,98.24,97.81,0.44,0.0,0.0,1.0
2026-04-26,14,MEXICALI,98.29,97.63,0.66,0.0,0.0,1.0
2026-04-26,15,MEXICALI,89.42,87.89,1.52,0.0,0.0,1.0
2026-04-26,16,MEXICALI,89.42,88.23,1.19,0.0,0.0,1.0
2026-04-26,17,MEXICALI,89.76,89.03,0.73,0.0,0.0,1.0
2026-04-26,18,MEXICALI,98.75,98.11,0.64,0.0,0.0,1.0
2026-04-26,19,MEXICALI,164.81,163.22,1.59,0.0,0.0,1.0
2026-04-26,20,MEXICALI,170.23,168.69,1.55,0.0,0.0,1.0
2026-04-26,21,MEXICALI,186.49,185.3,1.19,0.0,0.0,1.0
2026-04-26,22,MEXICALI,182.05,180.88,1.16,0.0,0.0,1.0
2026-04-26,23,MEXICALI,170.11,167.68,2.43,0.0,0.0,1.0
2026-04-26,24,MEXICALI,119.2,117.6,1.6,0.0,0.0,1.0
2026-04-26,1,SANLUIS,188.46,187.78,0.68,0.0,0.0,1.0
2026-04-26,2,SANLUIS,180.03,179.9,0.13,0.0,0.0,1.0
2026-04-26,3,SANLUIS,171.63,170.83,0.8,0.0,0.0,1.0
2026-04-26,4,SANLUIS,163.89,163.3,0.59,0.0,0.0,1.0
2026-04-26,5,SANLUIS,149.99,149.63,0.36,0.0,0.0,1.0
2026-04-26,6,SANLUIS,149.98,149.49,0.49,0.0,0.0,1.0
2026-04-26,7,SANLUIS,118.44,118.58,-0.14,0.0,0.0,1.0
2026-04-26,8,SANLUIS,149.42,149.55,-0.13,0.0,0.0,1.0
2026-04-26,9,SANLUIS,98.6,99.11,-0.51,0.0,0.0,1.0
2026-04-26,10,SANLUIS,98.64,99.09,-0.45,0.0,0.0,1.0
2026-04-26,11,SANLUIS,98.46,98.42,0.04,0.0,0.0,1.0
2026-04-26,12,SANLUIS,98.73,98.12,0.61,0.0,0.0,1.0
2026-04-26,13,SANLUIS,98.83,97.81,1.02,0.0,0.0,1.0
2026-04-26,14,SANLUIS,98.93,97.63,1.3,0.0,0.0,1.0
2026-04-26,15,SANLUIS,90.08,87.89,2.18,0.0,0.0,1.0
2026-04-26,16,SANLUIS,90.1,88.23,1.87,0.0,0.0,1.0
2026-04-26,17,SANLUIS,90.45,89.03,1.42,0.0,0.0,1.0
2026-04-26,18,SANLUIS,99.54,98.11,1.43,0.0,0.0,1.0
2026-04-26,19,SANLUIS,166.12,163.22,2.9,0.0,0.0,1.0
2026-04-26,20,SANLUIS,171.61,168.69,2.93,0.0,0.0,1.0
2026-04-26,21,SANLUIS,188.13,185.3,2.83,0.0,0.0,1.0
2026-04-26,22,SANLUIS,183.57,180.88,2.69,0.0,0.0,1.0
2026-04-26,23,SANLUIS,171.42,167.68,3.74,0.0,0.0,1.0
2026-04-26,24,SANLUIS,120.01,117.6,2.41,0.0,0.0,1.0
2026-04-26,1,TIJUANA,189.97,187.78,2.19,0.0,0.0,1.0
2026-04-26,2,TIJUANA,181.84,179.9,1.95,0.0,0.0,1.0
2026-04-26,3,TIJUANA,172.63,170.83,1.8,0.0,0.0,1.0
2026-04-26,4,TIJUANA,164.96,163.3,1.66,0.0,0.0,1.0
2026-04-26,5,TIJUANA,151.11,149.63,1.48,0.0,0.0,1.0
2026-04-26,6,TIJUANA,150.98,149.49,1.49,0.0,0.0,1.0
2026-04-26,7,TIJUANA,119.71,118.58,1.13,0.0,0.0,1.0
2026-04-26,8,TIJUANA,151.03,149.55,1.48,0.0,0.0,1.0
2026-04-26,9,TIJUANA,100.11,99.11,1.0,0.0,0.0,1.0
2026-04-26,10,TIJUANA,100.33,99.09,1.24,0.0,0.0,1.0
2026-04-26,11,TIJUANA,99.72,98.42,1.3,0.0,0.0,1.0
2026-04-26,12,TIJUANA,99.45,98.12,1.33,0.0,0.0,1.0
2026-04-26,13,TIJUANA,99.16,97.81,1.36,0.0,0.0,1.0
2026-04-26,14,TIJUANA,99.01,97.63,1.38,0.0,0.0,1.0
2026-04-26,15,TIJUANA,89.24,87.89,1.35,0.0,0.0,1.0
2026-04-26,16,TIJUANA,89.64,88.23,1.41,0.0,0.0,1.0
2026-04-26,17,TIJUANA,90.47,89.03,1.45,0.0,0.0,1.0
2026-04-26,18,TIJUANA,99.74,98.11,1.63,0.0,0.0,1.0
2026-04-26,19,TIJUANA,166.04,163.22,2.82,0.0,0.0,1.0
2026-04-26,20,TIJUANA,171.3,168.69,2.61,0.0,0.0,1.0
2026-04-26,21,TIJUANA,188.24,185.3,2.94,0.0,0.0,1.0
2026-04-26,22,TIJUANA,183.68,180.88,2.8,0.0,0.0,1.0
2026-04-26,23,TIJUANA,170.1,167.68,2.42,0.0,0.0,1.0
2026-04-26,24,TIJUANA,119.14,117.6,1.55,0.0,0.0,1.0
2026-04-27,1,ENSENADA,99.75,97.25,2.5,0.0,0.0,1.0
2026-04-27,2,ENSENADA,93.95,91.48,2.47,0.0,0.0,1.0
2026-04-27,3,ENSENADA,90.6,88.28,2.32,0.0,0.0,1.0
2026-04-27,4,ENSENADA,90.44,88.17,2.27,0.0,0.0,1.0
2026-04-27,5,ENSENADA,93.87,91.49,2.38,0.0,0.0,1.0
2026-04-27,6,ENSENADA,99.68,97.32,2.35,0.0,0.0,1.0
2026-04-27,7,ENSENADA,121.14,118.21,2.93,0.0,0.0,1.0
2026-04-27,8,ENSENADA,122.57,118.91,3.66,0.0,0.0,1.0
2026-04-27,9,ENSENADA,103.97,100.0,3.98,0.0,0.0,1.0
2026-04-27,10,ENSENADA,104.02,99.82,4.2,0.0,0.0,1.0
2026-04-27,11,ENSENADA,105.27,100.35,4.93,0.0,0.0,1.0
2026-04-27,12,ENSENADA,105.51,100.26,5.25,0.0,0.0,1.0
2026-04-27,13,ENSENADA,97.48,92.5,4.98,0.0,0.0,1.0
2026-04-27,14,ENSENADA,97.31,92.11,5.2,0.0,0.0,1.0
2026-04-27,15,ENSENADA,97.86,93.36,4.5,0.0,0.0,1.0
2026-04-27,16,ENSENADA,97.78,93.72,4.06,0.0,0.0,1.0
2026-04-27,17,ENSENADA,103.16,99.0,4.16,0.0,0.0,1.0
2026-04-27,18,ENSENADA,187.8,180.99,6.81,0.0,0.0,1.0
2026-04-27,19,ENSENADA,204.54,198.11,6.43,0.0,0.0,1.0
2026-04-27,20,ENSENADA,218.72,211.55,7.17,0.0,0.0,1.0
2026-04-27,21,ENSENADA,315.21,305.28,9.93,0.0,0.0,1.0
2026-04-27,22,ENSENADA,304.91,295.87,9.05,0.0,0.0,1.0
2026-04-27,23,ENSENADA,201.53,196.23,5.29,0.0,0.0,1.0
2026-04-27,24,ENSENADA,191.49,186.05,5.44,0.0,0.0,1.0
2026-04-27,1,MEXICALI,98.67,97.25,1.42,0.0,0.0,1.0
2026-04-27,2,MEXICALI,92.88,91.48,1.4,0.0,0.0,1.0
2026-04-27,3,MEXICALI,89.87,88.28,1.59,0.0,0.0,1.0
2026-04-27,4,MEXICALI,89.84,88.17,1.67,0.0,0.0,1.0
2026-04-27,5,MEXICALI,92.84,91.49,1.36,0.0,0.0,1.0
2026-04-27,6,MEXICALI,98.61,97.32,1.28,0.0,0.0,1.0
2026-04-27,7,MEXICALI,118.55,118.21,0.34,0.0,0.0,1.0
2026-04-27,8,MEXICALI,117.78,118.91,-1.13,0.0,0.0,1.0
2026-04-27,9,MEXICALI,98.64,100.0,-1.36,0.0,0.0,1.0
2026-04-27,10,MEXICALI,98.67,99.82,-1.15,0.0,0.0,1.0
2026-04-27,11,MEXICALI,98.9,100.35,-1.44,0.0,0.0,1.0
2026-04-27,12,MEXICALI,98.96,100.26,-1.3,0.0,0.0,1.0
2026-04-27,13,MEXICALI,92.66,92.5,0.16,0.0,0.0,1.0
2026-04-27,14,MEXICALI,92.71,92.11,0.6,0.0,0.0,1.0
2026-04-27,15,MEXICALI,94.14,93.36,0.78,0.0,0.0,1.0
2026-04-27,16,MEXICALI,94.46,93.72,0.74,0.0,0.0,1.0
2026-04-27,17,MEXICALI,99.47,99.0,0.48,0.0,0.0,1.0
2026-04-27,18,MEXICALI,181.92,180.99,0.93,0.0,0.0,1.0
2026-04-27,19,MEXICALI,201.55,198.11,3.44,0.0,0.0,1.0
2026-04-27,20,MEXICALI,216.36,211.55,4.8,0.0,0.0,1.0
2026-04-27,21,MEXICALI,314.28,305.28,9.01,0.0,0.0,1.0
2026-04-27,22,MEXICALI,305.11,295.87,9.25,0.0,0.0,1.0
2026-04-27,23,MEXICALI,200.83,196.23,4.59,0.0,0.0,1.0
2026-04-27,24,MEXICALI,188.94,186.05,2.88,0.0,0.0,1.0
2026-04-27,1,SANLUIS,99.29,97.25,2.04,0.0,0.0,1.0
2026-04-27,2,SANLUIS,93.42,91.48,1.94,0.0,0.0,1.0
2026-04-27,3,SANLUIS,90.37,88.28,2.09,0.0,0.0,1.0
2026-04-27,4,SANLUIS,90.32,88.17,2.15,0.0,0.0,1.0
2026-04-27,5,SANLUIS,93.33,91.49,1.84,0.0,0.0,1.0
2026-04-27,6,SANLUIS,99.14,97.32,1.82,0.0,0.0,1.0
2026-04-27,7,SANLUIS,119.09,118.21,0.88,0.0,0.0,1.0
2026-04-27,8,SANLUIS,118.24,118.91,-0.67,0.0,0.0,1.0
2026-04-27,9,SANLUIS,98.95,100.0,-1.05,0.0,0.0,1.0
2026-04-27,10,SANLUIS,99.0,99.82,-0.82,0.0,0.0,1.0
2026-04-27,11,SANLUIS,99.28,100.35,-1.06,0.0,0.0,1.0
2026-04-27,12,SANLUIS,99.41,100.26,-0.86,0.0,0.0,1.0
2026-04-27,13,SANLUIS,93.17,92.5,0.67,0.0,0.0,1.0
2026-04-27,14,SANLUIS,93.3,92.11,1.19,0.0,0.0,1.0
2026-04-27,15,SANLUIS,94.83,93.36,1.47,0.0,0.0,1.0
2026-04-27,16,SANLUIS,95.24,93.72,1.52,0.0,0.0,1.0
2026-04-27,17,SANLUIS,100.35,99.0,1.36,0.0,0.0,1.0
2026-04-27,18,SANLUIS,183.68,180.99,2.69,0.0,0.0,1.0
2026-04-27,19,SANLUIS,203.6,198.11,5.49,0.0,0.0,1.0
2026-04-27,20,SANLUIS,218.65,211.55,7.09,0.0,0.0,1.0
2026-04-27,21,SANLUIS,317.81,305.28,12.54,0.0,0.0,1.0
2026-04-27,22,SANLUIS,308.47,295.87,12.61,0.0,0.0,1.0
2026-04-27,23,SANLUIS,202.73,196.23,6.5,0.0,0.0,1.0
2026-04-27,24,SANLUIS,190.49,186.05,4.44,0.0,0.0,1.0
2026-04-27,1,TIJUANA,98.42,97.25,1.16,0.0,0.0,1.0
2026-04-27,2,TIJUANA,92.63,91.48,1.15,0.0,0.0,1.0
2026-04-27,3,TIJUANA,89.38,88.28,1.1,0.0,0.0,1.0
2026-04-27,4,TIJUANA,89.26,88.17,1.09,0.0,0.0,1.0
2026-04-27,5,TIJUANA,92.64,91.49,1.15,0.0,0.0,1.0
2026-04-27,6,TIJUANA,98.52,97.32,1.2,0.0,0.0,1.0
2026-04-27,7,TIJUANA,119.79,118.21,1.59,0.0,0.0,1.0
2026-04-27,8,TIJUANA,120.64,118.91,1.73,0.0,0.0,1.0
2026-04-27,9,TIJUANA,101.54,100.0,1.54,0.0,0.0,1.0
2026-04-27,10,TIJUANA,101.38,99.82,1.57,0.0,0.0,1.0
2026-04-27,11,TIJUANA,101.95,100.35,1.6,0.0,0.0,1.0
2026-04-27,12,TIJUANA,101.89,100.26,1.62,0.0,0.0,1.0
2026-04-27,13,TIJUANA,94.04,92.5,1.54,0.0,0.0,1.0
2026-04-27,14,TIJUANA,93.66,92.11,1.55,0.0,0.0,1.0
2026-04-27,15,TIJUANA,94.96,93.36,1.6,0.0,0.0,1.0
2026-04-27,16,TIJUANA,95.35,93.72,1.62,0.0,0.0,1.0
2026-04-27,17,TIJUANA,100.68,99.0,1.69,0.0,0.0,1.0
2026-04-27,18,TIJUANA,184.08,180.99,3.09,0.0,0.0,1.0
2026-04-27,19,TIJUANA,201.62,198.11,3.51,0.0,0.0,1.0
2026-04-27,20,TIJUANA,215.49,211.55,3.94,0.0,0.0,1.0
2026-04-27,21,TIJUANA,311.08,305.28,5.81,0.0,0.0,1.0
2026-04-27,22,TIJUANA,301.34,295.87,5.47,0.0,0.0,1.0
2026-04-27,23,TIJUANA,199.54,196.23,3.31,0.0,0.0,1.0
2026-04-27,24,TIJUANA,188.85,186.05,2.8,0.0,0.0,1.0
2026-04-28,1,ENSENADA,198.05,192.77,5.28,0.0,0.0,1.0
2026-04-28,2,ENSENADA,182.21,176.9,5.31,0.0,0.0,1.0
2026-04-28,3,ENSENADA,174.07,168.56,5.51,0.0,0.0,1.0
2026-04-28,4,ENSENADA,169.93,164.1,5.82,0.0,0.0,1.0
2026-04-28,5,ENSENADA,175.13,168.6,6.52,0.0,0.0,1.0
2026-04-28,6,ENSENADA,175.94,169.34,6.6,0.0,0.0,1.0
2026-04-28,7,ENSENADA,194.17,186.66,7.51,0.0,0.0,1.0
2026-04-28,8,ENSENADA,208.04,198.52,9.52,0.0,0.0,1.0
2026-04-28,9,ENSENADA,169.41,160.82,8.59,0.0,0.0,1.0
2026-04-28,10,ENSENADA,174.4,165.44,8.96,0.0,0.0,1.0
2026-04-28,11,ENSENADA,188.31,178.28,10.03,0.0,0.0,1.0
2026-04-28,12,ENSENADA,207.9,196.79,11.11,0.0,0.0,1.0
2026-04-28,13,ENSENADA,208.47,197.48,10.99,0.0,0.0,1.0
2026-04-28,14,ENSENADA,221.3,209.5,11.8,0.0,0.0,1.0
2026-04-28,15,ENSENADA,222.55,210.79,11.76,0.0,0.0,1.0
2026-04-28,16,ENSENADA,232.39,220.79,11.6,0.0,0.0,1.0
2026-04-28,17,ENSENADA,264.27,251.79,12.48,0.0,0.0,1.0
2026-04-28,18,ENSENADA,373.61,357.26,16.36,0.0,0.0,1.0
2026-04-28,19,ENSENADA,665.79,636.74,29.05,0.0,0.0,1.0
2026-04-28,20,ENSENADA,663.17,637.34,25.84,0.0,0.0,1.0
2026-04-28,21,ENSENADA,677.46,652.69,24.78,0.0,0.0,1.0
2026-04-28,22,ENSENADA,663.86,642.85,21.0,0.0,0.0,1.0
2026-04-28,23,ENSENADA,366.52,356.73,9.79,0.0,0.0,1.0
2026-04-28,24,ENSENADA,245.98,238.67,7.31,0.0,0.0,1.0
2026-04-28,1,MEXICALI,194.9,192.77,2.13,0.0,0.0,1.0
2026-04-28,2,MEXICALI,179.21,176.9,2.31,0.0,0.0,1.0
2026-04-28,3,MEXICALI,170.97,168.56,2.41,0.0,0.0,1.0
2026-04-28,4,MEXICALI,166.28,164.1,2.18,0.0,0.0,1.0
2026-04-28,5,MEXICALI,170.89,168.6,2.29,0.0,0.0,1.0
2026-04-28,6,MEXICALI,171.14,169.34,1.79,0.0,0.0,1.0
2026-04-28,7,MEXICALI,187.46,186.66,0.8,0.0,0.0,1.0
2026-04-28,8,MEXICALI,196.85,198.52,-1.67,0.0,0.0,1.0
2026-04-28,9,MEXICALI,158.68,160.82,-2.14,0.0,0.0,1.0
2026-04-28,10,MEXICALI,164.26,165.44,-1.18,0.0,0.0,1.0
2026-04-28,11,MEXICALI,177.35,178.28,-0.93,0.0,0.0,1.0
2026-04-28,12,MEXICALI,195.97,196.79,-0.82,0.0,0.0,1.0
2026-04-28,13,MEXICALI,197.62,197.48,0.14,0.0,0.0,1.0
2026-04-28,14,MEXICALI,210.73,209.5,1.23,0.0,0.0,1.0
2026-04-28,15,MEXICALI,213.11,210.79,2.32,0.0,0.0,1.0
2026-04-28,16,MEXICALI,223.06,220.79,2.27,0.0,0.0,1.0
2026-04-28,17,MEXICALI,255.72,251.79,3.93,0.0,0.0,1.0
2026-04-28,18,MEXICALI,365.85,357.26,8.59,0.0,0.0,1.0
2026-04-28,19,MEXICALI,653.32,636.74,16.58,0.0,0.0,1.0
2026-04-28,20,MEXICALI,653.41,637.34,16.07,0.0,0.0,1.0
2026-04-28,21,MEXICALI,668.0,652.69,15.32,0.0,0.0,1.0
2026-04-28,22,MEXICALI,660.63,642.85,17.78,0.0,0.0,1.0
2026-04-28,23,MEXICALI,368.45,356.73,11.73,0.0,0.0,1.0
2026-04-28,24,MEXICALI,244.86,238.67,6.19,0.0,0.0,1.0
2026-04-28,1,SANLUIS,196.28,192.77,3.51,0.0,0.0,1.0
2026-04-28,2,SANLUIS,180.37,176.9,3.47,0.0,0.0,1.0
2026-04-28,3,SANLUIS,172.02,168.56,3.46,0.0,0.0,1.0
2026-04-28,4,SANLUIS,167.24,164.1,3.13,0.0,0.0,1.0
2026-04-28,5,SANLUIS,171.87,168.6,3.27,0.0,0.0,1.0
2026-04-28,6,SANLUIS,172.15,169.34,2.81,0.0,0.0,1.0
2026-04-28,7,SANLUIS,188.52,186.66,1.86,0.0,0.0,1.0
2026-04-28,8,SANLUIS,197.89,198.52,-0.63,0.0,0.0,1.0
2026-04-28,9,SANLUIS,159.39,160.82,-1.43,0.0,0.0,1.0
2026-04-28,10,SANLUIS,165.1,165.44,-0.34,0.0,0.0,1.0
2026-04-28,11,SANLUIS,178.33,178.28,0.05,0.0,0.0,1.0
2026-04-28,12,SANLUIS,197.22,196.79,0.43,0.0,0.0,1.0
2026-04-28,13,SANLUIS,199.04,197.48,1.56,0.0,0.0,1.0
2026-04-28,14,SANLUIS,212.4,209.5,2.9,0.0,0.0,1.0
2026-04-28,15,SANLUIS,215.13,210.79,4.34,0.0,0.0,1.0
2026-04-28,16,SANLUIS,225.28,220.79,4.49,0.0,0.0,1.0
2026-04-28,17,SANLUIS,258.5,251.79,6.71,0.0,0.0,1.0
2026-04-28,18,SANLUIS,370.01,357.26,12.75,0.0,0.0,1.0
2026-04-28,19,SANLUIS,660.6,636.74,23.86,0.0,0.0,1.0
2026-04-28,20,SANLUIS,660.43,637.34,23.09,0.0,0.0,1.0
2026-04-28,21,SANLUIS,675.37,652.69,22.69,0.0,0.0,1.0
2026-04-28,22,SANLUIS,667.83,642.85,24.98,0.0,0.0,1.0
2026-04-28,23,SANLUIS,372.16,356.73,15.43,0.0,0.0,1.0
2026-04-28,24,SANLUIS,246.99,238.67,8.32,0.0,0.0,1.0
2026-04-28,1,TIJUANA,195.48,192.77,2.71,0.0,0.0,1.0
2026-04-28,2,TIJUANA,179.41,176.9,2.51,0.0,0.0,1.0
2026-04-28,3,TIJUANA,170.95,168.56,2.39,0.0,0.0,1.0
2026-04-28,4,TIJUANA,166.4,164.1,2.3,0.0,0.0,1.0
2026-04-28,5,TIJUANA,171.0,168.6,2.4,0.0,0.0,1.0
2026-04-28,6,TIJUANA,171.69,169.34,2.35,0.0,0.0,1.0
2026-04-28,7,TIJUANA,189.36,186.66,2.69,0.0,0.0,1.0
2026-04-28,8,TIJUANA,201.6,198.52,3.08,0.0,0.0,1.0
2026-04-28,9,TIJUANA,163.38,160.82,2.56,0.0,0.0,1.0
2026-04-28,10,TIJUANA,168.15,165.44,2.71,0.0,0.0,1.0
2026-04-28,11,TIJUANA,181.27,178.28,2.99,0.0,0.0,1.0
2026-04-28,12,TIJUANA,200.14,196.79,3.35,0.0,0.0,1.0
2026-04-28,13,TIJUANA,200.88,197.48,3.4,0.0,0.0,1.0
2026-04-28,14,TIJUANA,213.12,209.5,3.63,0.0,0.0,1.0
2026-04-28,15,TIJUANA,214.5,210.79,3.71,0.0,0.0,1.0
2026-04-28,16,TIJUANA,224.71,220.79,3.92,0.0,0.0,1.0
2026-04-28,17,TIJUANA,256.22,251.79,4.43,0.0,0.0,1.0
2026-04-28,18,TIJUANA,363.83,357.26,6.57,0.0,0.0,1.0
2026-04-28,19,TIJUANA,648.64,636.74,11.9,0.0,0.0,1.0
2026-04-28,20,TIJUANA,649.44,637.34,12.1,0.0,0.0,1.0
2026-04-28,21,TIJUANA,665.49,652.69,12.81,0.0,0.0,1.0
2026-04-28,22,TIJUANA,655.09,642.85,12.24,0.0,0.0,1.0
2026-04-28,23,TIJUANA,363.0,356.73,6.27,0.0,0.0,1.0
2026-04-28,24,TIJUANA,242.63,238.67,3.96,0.0,0.0,1.0
2026-04-29,1,ENSENADA,238.68,231.71,6.96,0.0,0.0,1.0
2026-04-29,2,ENSENADA,225.96,218.97,6.99,0.0,0.0,1.0
2026-04-29,3,ENSENADA,203.52,197.52,6.0,0.0,0.0,1.0
2026-04-29,4,ENSENADA,191.96,186.61,5.35,0.0,0.0,1.0
2026-04-29,5,ENSENADA,192.43,186.34,6.09,0.0,0.0,1.0
2026-04-29,6,ENSENADA,193.94,187.63,6.31,0.0,0.0,1.0
2026-04-29,7,ENSENADA,219.2,211.31,7.89,0.0,0.0,1.0
2026-04-29,8,ENSENADA,235.44,224.91,10.53,0.0,0.0,1.0
2026-04-29,9,ENSENADA,225.26,214.43,10.84,0.0,0.0,1.0
2026-04-29,10,ENSENADA,245.91,233.43,12.48,0.0,0.0,1.0
2026-04-29,11,ENSENADA,262.92,249.32,13.6,0.0,0.0,1.0
2026-04-29,12,ENSENADA,212.03,200.6,11.43,0.0,0.0,1.0
2026-04-29,13,ENSENADA,283.65,268.83,14.82,0.0,0.0,1.0
2026-04-29,14,ENSENADA,299.63,284.11,15.52,0.0,0.0,1.0
2026-04-29,15,ENSENADA,290.62,275.65,14.97,0.0,0.0,1.0
2026-04-29,16,ENSENADA,268.47,256.39,12.08,0.0,0.0,1.0
2026-04-29,17,ENSENADA,231.15,221.42,9.73,0.0,0.0,1.0
2026-04-29,18,ENSENADA,228.46,219.0,9.46,0.0,0.0,1.0
2026-04-29,19,ENSENADA,208.08,199.53,8.55,0.0,0.0,1.0
2026-04-29,20,ENSENADA,279.71,268.86,10.85,0.0,0.0,1.0
2026-04-29,21,ENSENADA,332.86,320.65,12.2,0.0,0.0,1.0
2026-04-29,22,ENSENADA,287.83,277.2,10.62,0.0,0.0,1.0
2026-04-29,23,ENSENADA,251.32,242.41,8.92,0.0,0.0,1.0
2026-04-29,24,ENSENADA,217.03,209.84,7.19,0.0,0.0,1.0
2026-04-29,1,MEXICALI,235.61,231.71,3.9,0.0,0.0,1.0
2026-04-29,2,MEXICALI,222.5,218.97,3.53,0.0,0.0,1.0
2026-04-29,3,MEXICALI,201.07,197.52,3.55,0.0,0.0,1.0
2026-04-29,4,MEXICALI,189.86,186.61,3.26,0.0,0.0,1.0
2026-04-29,5,MEXICALI,189.77,186.34,3.43,0.0,0.0,1.0
2026-04-29,6,MEXICALI,189.98,187.63,2.35,0.0,0.0,1.0
2026-04-29,7,MEXICALI,212.38,211.31,1.07,0.0,0.0,1.0
2026-04-29,8,MEXICALI,222.63,224.91,-2.28,0.0,0.0,1.0
2026-04-29,9,MEXICALI,211.5,214.43,-2.93,0.0,0.0,1.0
2026-04-29,10,MEXICALI,231.83,233.43,-1.6,0.0,0.0,1.0
2026-04-29,11,MEXICALI,249.12,249.32,-0.2,0.0,0.0,1.0
2026-04-29,12,MEXICALI,200.48,200.6,-0.13,0.0,0.0,1.0
2026-04-29,13,MEXICALI,269.0,268.83,0.17,0.0,0.0,1.0
2026-04-29,14,MEXICALI,286.57,284.11,2.45,0.0,0.0,1.0
2026-04-29,15,MEXICALI,279.76,275.65,4.11,0.0,0.0,1.0
2026-04-29,16,MEXICALI,258.43,256.39,2.05,0.0,0.0,1.0
2026-04-29,17,MEXICALI,223.0,221.42,1.58,0.0,0.0,1.0
2026-04-29,18,MEXICALI,220.34,219.0,1.34,0.0,0.0,1.0
2026-04-29,19,MEXICALI,200.49,199.53,0.96,0.0,0.0,1.0
2026-04-29,20,MEXICALI,269.3,268.86,0.43,0.0,0.0,1.0
2026-04-29,21,MEXICALI,325.25,320.65,4.59,0.0,0.0,1.0
2026-04-29,22,MEXICALI,280.93,277.2,3.73,0.0,0.0,1.0
2026-04-29,23,MEXICALI,243.26,242.41,0.86,0.0,0.0,1.0
2026-04-29,24,MEXICALI,211.27,209.84,1.43,0.0,0.0,1.0
2026-04-29,1,SANLUIS,237.38,231.71,5.67,0.0,0.0,1.0
2026-04-29,2,SANLUIS,224.05,218.97,5.08,0.0,0.0,1.0
2026-04-29,3,SANLUIS,202.29,197.52,4.77,0.0,0.0,1.0
2026-04-29,4,SANLUIS,190.98,186.61,4.38,0.0,0.0,1.0
2026-04-29,5,SANLUIS,190.83,186.34,4.49,0.0,0.0,1.0
2026-04-29,6,SANLUIS,191.06,187.63,3.43,0.0,0.0,1.0
2026-04-29,7,SANLUIS,213.45,211.31,2.14,0.0,0.0,1.0
2026-04-29,8,SANLUIS,223.69,224.91,-1.22,0.0,0.0,1.0
2026-04-29,9,SANLUIS,212.46,214.43,-1.96,0.0,0.0,1.0
2026-04-29,10,SANLUIS,233.15,233.43,-0.29,0.0,0.0,1.0
2026-04-29,11,SANLUIS,250.78,249.32,1.46,0.0,0.0,1.0
2026-04-29,12,SANLUIS,202.0,200.6,1.4,0.0,0.0,1.0
2026-04-29,13,SANLUIS,271.36,268.83,2.52,0.0,0.0,1.0
2026-04-29,14,SANLUIS,289.36,284.11,5.25,0.0,0.0,1.0
2026-04-29,15,SANLUIS,282.83,275.65,7.18,0.0,0.0,1.0
2026-04-29,16,SANLUIS,261.78,256.39,5.39,0.0,0.0,1.0
2026-04-29,17,SANLUIS,225.84,221.42,4.41,0.0,0.0,1.0
2026-04-29,18,SANLUIS,223.24,219.0,4.24,0.0,0.0,1.0
2026-04-29,19,SANLUIS,203.0,199.53,3.47,0.0,0.0,1.0
2026-04-29,20,SANLUIS,272.66,268.86,3.8,0.0,0.0,1.0
2026-04-29,21,SANLUIS,329.49,320.65,8.83,0.0,0.0,1.0
2026-04-29,22,SANLUIS,284.54,277.2,7.34,0.0,0.0,1.0
2026-04-29,23,SANLUIS,246.17,242.41,3.77,0.0,0.0,1.0
2026-04-29,24,SANLUIS,213.55,209.84,3.71,0.0,0.0,1.0
2026-04-29,1,TIJUANA,235.03,231.71,3.32,0.0,0.0,1.0
2026-04-29,2,TIJUANA,222.01,218.97,3.04,0.0,0.0,1.0
2026-04-29,3,TIJUANA,200.22,197.52,2.7,0.0,0.0,1.0
2026-04-29,4,TIJUANA,189.15,186.61,2.54,0.0,0.0,1.0
2026-04-29,5,TIJUANA,188.9,186.34,2.56,0.0,0.0,1.0
2026-04-29,6,TIJUANA,190.26,187.63,2.63,0.0,0.0,1.0
2026-04-29,7,TIJUANA,214.42,211.31,3.11,0.0,0.0,1.0
2026-04-29,8,TIJUANA,228.36,224.91,3.45,0.0,0.0,1.0
2026-04-29,9,TIJUANA,217.84,214.43,3.42,0.0,0.0,1.0
2026-04-29,10,TIJUANA,237.18,233.43,3.75,0.0,0.0,1.0
2026-04-29,11,TIJUANA,253.44,249.32,4.11,0.0,0.0,1.0
2026-04-29,12,TIJUANA,204.08,200.6,3.48,0.0,0.0,1.0
2026-04-29,13,TIJUANA,273.55,268.83,4.71,0.0,0.0,1.0
2026-04-29,14,TIJUANA,289.11,284.11,5.0,0.0,0.0,1.0
2026-04-29,15,TIJUANA,280.95,275.65,5.3,0.0,0.0,1.0
2026-04-29,16,TIJUANA,260.9,256.39,4.52,0.0,0.0,1.0
2026-04-29,17,TIJUANA,225.34,221.42,3.92,0.0,0.0,1.0
2026-04-29,18,TIJUANA,222.82,219.0,3.82,0.0,0.0,1.0
2026-04-29,19,TIJUANA,203.01,199.53,3.48,0.0,0.0,1.0
2026-04-29,20,TIJUANA,273.43,268.86,4.57,0.0,0.0,1.0
2026-04-29,21,TIJUANA,326.79,320.65,6.13,0.0,0.0,1.0
2026-04-29,22,TIJUANA,282.48,277.2,5.28,0.0,0.0,1.0
2026-04-29,23,TIJUANA,246.25,242.41,3.85,0.0,0.0,1.0
2026-04-29,24,TIJUANA,213.0,209.84,3.17,0.0,0.0,1.0
2026-04-30,1,ENSENADA,185.06,178.96,6.1,0.0,0.0,1.0
2026-04-30,2,ENSENADA,103.27,99.76,3.51,0.0,0.0,1.0
2026-04-30,3,ENSENADA,102.32,98.63,3.7,0.0,0.0,1.0
2026-04-30,4,ENSENADA,96.08,93.11,2.97,0.0,0.0,1.0
2026-04-30,5,ENSENADA,93.67,90.81,2.85,0.0,0.0,1.0
2026-04-30,6,ENSENADA,97.35,94.23,3.12,0.0,0.0,1.0
2026-04-30,7,ENSENADA,103.21,99.62,3.59,0.0,0.0,1.0
2026-04-30,8,ENSENADA,183.93,175.48,8.45,0.0,0.0,1.0
2026-04-30,9,ENSENADA,105.42,99.99,5.43,0.0,0.0,1.0
2026-04-30,10,ENSENADA,94.55,90.3,4.24,0.0,0.0,1.0
2026-04-30,11,ENSENADA,94.97,90.54,4.43,0.0,0.0,1.0
2026-04-30,12,ENSENADA,94.63,90.16,4.47,0.0,0.0,1.0
2026-04-30,13,ENSENADA,97.92,93.5,4.41,0.0,0.0,1.0
2026-04-30,14,ENSENADA,104.3,99.69,4.61,0.0,0.0,1.0
2026-04-30,15,ENSENADA,198.51,190.22,8.29,0.0,0.0,1.0
2026-04-30,16,ENSENADA,198.62,190.41,8.21,0.0,0.0,1.0
2026-04-30,17,ENSENADA,230.73,221.47,9.26,0.0,0.0,1.0
2026-04-30,18,ENSENADA,274.68,263.74,10.94,0.0,0.0,1.0
2026-04-30,19,ENSENADA,263.24,253.64,9.6,0.0,0.0,1.0
2026-04-30,20,ENSENADA,263.55,253.62,9.93,0.0,0.0,1.0
2026-04-30,21,ENSENADA,361.0,346.96,14.04,0.0,0.0,1.0
2026-04-30,22,ENSENADA,266.22,256.45,9.78,0.0,0.0,1.0
2026-04-30,23,ENSENADA,250.53,241.42,9.1,0.0,0.0,1.0
2026-04-30,24,ENSENADA,264.57,256.36,8.2,0.0,0.0,1.0
2026-04-30,1,MEXICALI,180.12,178.96,1.16,0.0,0.0,1.0
2026-04-30,2,MEXICALI,99.95,99.76,0.18,0.0,0.0,1.0
2026-04-30,3,MEXICALI,98.98,98.63,0.35,0.0,0.0,1.0
2026-04-30,4,MEXICALI,93.68,93.11,0.57,0.0,0.0,1.0
2026-04-30,5,MEXICALI,91.31,90.81,0.5,0.0,0.0,1.0
2026-04-30,6,MEXICALI,94.32,94.23,0.1,0.0,0.0,1.0
2026-04-30,7,MEXICALI,98.96,99.62,-0.66,0.0,0.0,1.0
2026-04-30,8,MEXICALI,172.86,175.48,-2.62,0.0,0.0,1.0
2026-04-30,9,MEXICALI,98.7,99.99,-1.29,0.0,0.0,1.0
2026-04-30,10,MEXICALI,89.76,90.3,-0.54,0.0,0.0,1.0
2026-04-30,11,MEXICALI,89.68,90.54,-0.86,0.0,0.0,1.0
2026-04-30,12,MEXICALI,89.53,90.16,-0.63,0.0,0.0,1.0
2026-04-30,13,MEXICALI,93.05,93.5,-0.46,0.0,0.0,1.0
2026-04-30,14,MEXICALI,99.01,99.69,-0.69,0.0,0.0,1.0
2026-04-30,15,MEXICALI,188.83,190.22,-1.39,0.0,0.0,1.0
2026-04-30,16,MEXICALI,188.83,190.41,-1.58,0.0,0.0,1.0
2026-04-30,17,MEXICALI,220.33,221.47,-1.14,0.0,0.0,1.0
2026-04-30,18,MEXICALI,268.51,263.74,4.77,0.0,0.0,1.0
2026-04-30,19,MEXICALI,258.17,253.64,4.52,0.0,0.0,1.0
2026-04-30,20,MEXICALI,258.18,253.62,4.56,0.0,0.0,1.0
2026-04-30,21,MEXICALI,356.07,346.96,9.11,0.0,0.0,1.0
2026-04-30,22,MEXICALI,261.13,256.45,4.68,0.0,0.0,1.0
2026-04-30,23,MEXICALI,243.27,241.42,1.85,0.0,0.0,1.0
2026-04-30,24,MEXICALI,262.94,256.36,6.58,0.0,0.0,1.0
2026-04-30,1,SANLUIS,181.89,178.96,2.93,0.0,0.0,1.0
2026-04-30,2,SANLUIS,100.82,99.76,1.06,0.0,0.0,1.0
2026-04-30,3,SANLUIS,99.8,98.63,1.18,0.0,0.0,1.0
2026-04-30,4,SANLUIS,94.42,93.11,1.31,0.0,0.0,1.0
2026-04-30,5,SANLUIS,92.01,90.81,1.19,0.0,0.0,1.0
2026-04-30,6,SANLUIS,95.02,94.23,0.8,0.0,0.0,1.0
2026-04-30,7,SANLUIS,99.65,99.62,0.03,0.0,0.0,1.0
2026-04-30,8,SANLUIS,174.1,175.48,-1.38,0.0,0.0,1.0
2026-04-30,9,SANLUIS,99.36,99.99,-0.63,0.0,0.0,1.0
2026-04-30,10,SANLUIS,90.36,90.3,0.06,0.0,0.0,1.0
2026-04-30,11,SANLUIS,90.47,90.54,-0.07,0.0,0.0,1.0
2026-04-30,12,SANLUIS,90.43,90.16,0.26,0.0,0.0,1.0
2026-04-30,13,SANLUIS,94.06,93.5,0.56,0.0,0.0,1.0
2026-04-30,14,SANLUIS,100.18,99.69,0.48,0.0,0.0,1.0
2026-04-30,15,SANLUIS,191.3,190.22,1.08,0.0,0.0,1.0
2026-04-30,16,SANLUIS,191.41,190.41,1.0,0.0,0.0,1.0
2026-04-30,17,SANLUIS,223.22,221.47,1.75,0.0,0.0,1.0
2026-04-30,18,SANLUIS,271.81,263.74,8.07,0.0,0.0,1.0
2026-04-30,19,SANLUIS,261.21,253.64,7.57,0.0,0.0,1.0
2026-04-30,20,SANLUIS,261.17,253.62,7.55,0.0,0.0,1.0
2026-04-30,21,SANLUIS,360.39,346.96,13.43,0.0,0.0,1.0
2026-04-30,22,SANLUIS,264.14,256.45,7.69,0.0,0.0,1.0
2026-04-30,23,SANLUIS,245.87,241.42,4.45,0.0,0.0,1.0
2026-04-30,24,SANLUIS,265.53,256.36,9.16,0.0,0.0,1.0
2026-04-30,1,TIJUANA,181.49,178.96,2.53,0.0,0.0,1.0
2026-04-30,2,TIJUANA,101.08,99.76,1.32,0.0,0.0,1.0
2026-04-30,3,TIJUANA,99.89,98.63,1.27,0.0,0.0,1.0
2026-04-30,4,TIJUANA,94.3,93.11,1.19,0.0,0.0,1.0
2026-04-30,5,TIJUANA,91.98,90.81,1.16,0.0,0.0,1.0
2026-04-30,6,TIJUANA,95.45,94.23,1.23,0.0,0.0,1.0
2026-04-30,7,TIJUANA,100.99,99.62,1.37,0.0,0.0,1.0
2026-04-30,8,TIJUANA,178.14,175.48,2.66,0.0,0.0,1.0
2026-04-30,9,TIJUANA,101.59,99.99,1.6,0.0,0.0,1.0
2026-04-30,10,TIJUANA,91.84,90.3,1.54,0.0,0.0,1.0
2026-04-30,11,TIJUANA,92.12,90.54,1.58,0.0,0.0,1.0
2026-04-30,12,TIJUANA,91.74,90.16,1.58,0.0,0.0,1.0
2026-04-30,13,TIJUANA,95.14,93.5,1.63,0.0,0.0,1.0
2026-04-30,14,TIJUANA,101.43,99.69,1.74,0.0,0.0,1.0
2026-04-30,15,TIJUANA,193.58,190.22,3.36,0.0,0.0,1.0
2026-04-30,16,TIJUANA,193.77,190.41,3.36,0.0,0.0,1.0
2026-04-30,17,TIJUANA,225.36,221.47,3.89,0.0,0.0,1.0
2026-04-30,18,TIJUANA,268.68,263.74,4.94,0.0,0.0,1.0
2026-04-30,19,TIJUANA,257.96,253.64,4.31,0.0,0.0,1.0
2026-04-30,20,TIJUANA,258.04,253.62,4.42,0.0,0.0,1.0
2026-04-30,21,TIJUANA,353.41,346.96,6.45,0.0,0.0,1.0
2026-04-30,22,TIJUANA,260.95,256.45,4.5,0.0,0.0,1.0
2026-04-30,23,TIJUANA,245.45,241.42,4.02,0.0,0.0,1.0
2026-04-30,24,TIJUANA,260.61,256.36,4.24,0.0,0.0,1.0
